slope,subsample_len,mtld_thresholds,id_draw,sample_entropy,subsample_entropy_rdm,subsample_entropy_mav,exp_variety,mtld
-1.53,50,0.84,0,4.008239219335493,3.166213365930287,3.088805783242216,17.149617926749666,10.054741784037558
-1.53,100,0.78,0,4.008239219335493,3.4197330768841248,3.340452767505605,26.882159830231963,10.23790300546448
-1.53,500,0.72,0,4.008239219335493,3.7575243549960944,3.7317762287548915,75.35020665876698,10.437766179540711
-1.53,1000,0.66,0,4.008239219335493,3.8710095715780795,3.851959120685172,115.86037097336168,11.19759014557671
-1.53,2000,0.6,0,4.008239219335493,3.945147597849877,3.9318377036354635,176.39585645137348,12.59664147774979
-1.53,50,0.84,1,3.9349427753335195,2.9907319317212613,3.030758256634002,16.824878005031323,10.025957873620861
-1.53,100,0.78,1,3.9349427753335195,3.1342066389296255,3.2802631933573463,26.406798388138235,10.187008154943936
-1.53,500,0.72,1,3.9349427753335195,3.6691943990668463,3.65813786690906,73.75247523346144,10.34396480331263
-1.53,1000,0.66,1,3.9349427753335195,3.8304257082326445,3.7707389575298778,114.28116014929398,11.084345898004436
-1.53,2000,0.6,1,3.9349427753335195,3.864902893552519,3.8526697341134772,175.18079487277666,12.359868149979398
-1.53,50,0.84,2,4.025805144101188,2.9396322144950515,3.068446946666668,17.27759793017074,10.043095477386935
-1.53,100,0.78,2,4.025805144101188,3.323088584621947,3.327289764276166,27.32880109972491,10.2153306066803
-1.53,500,0.72,2,4.025805144101188,3.772629875782421,3.741586429055359,78.27010308656935,10.356518134715026
-1.53,1000,0.66,2,4.025805144101188,3.8728635906421105,3.856317463136511,122.25668193768271,11.1174
-1.53,2000,0.6,2,4.025805144101188,3.966642609607164,3.946325116272406,190.12787114515794,12.572529313232831
-1.53,50,0.84,3,4.080317637848415,3.0588750387931265,3.1087099596604504,17.628698661463066,10.047075376884422
-1.53,100,0.78,3,4.080317637848415,3.306005698439389,3.369861433223992,27.919093572070995,10.243893442622952
-1.53,500,0.72,3,4.080317637848415,3.788761153889646,3.799448340582945,78.67541335450056,10.512450052576236
-1.53,1000,0.66,3,4.080317637848415,3.9136464625978142,3.9190243843334596,121.48160234171665,11.26670045045045
-1.53,2000,0.6,3,4.080317637848415,4.030694446575483,4.0019866282202665,186.98820591437203,12.841371721987896
-1.53,50,0.84,4,4.028986108889127,3.0814478360152737,3.0948604388336696,17.242853052215775,10.028084252758275
-1.53,100,0.78,4,4.028986108889127,3.4801487738347925,3.3463391142593357,27.041665647657886,10.26400410677618
-1.53,500,0.72,4,4.028986108889127,3.737794377756688,3.7325404797184136,75.59483298573616,10.456792189679218
-1.53,1000,0.66,4,4.028986108889127,3.8876925457724454,3.8258953278310504,117.18261389944564,11.23876404494382
-1.53,2000,0.6,4,4.028986108889127,3.9491987927899848,3.9158583857962967,181.8830915968015,12.724851569126379
-1.53,50,0.84,5,4.012898663240126,3.0684690773413217,3.0745248916414414,17.120295522035132,10.040375209380235
-1.53,100,0.78,5,4.012898663240126,3.421293876206839,3.3298485235836615,27.009289391811592,10.202295918367346
-1.53,500,0.72,5,4.012898663240126,3.7742653791354757,3.7276077099835363,76.29852631330598,10.378483904465213
-1.53,1000,0.66,5,4.012898663240126,3.820424100607339,3.8364791726580973,118.74931277322861,11.169486033519554
-1.53,2000,0.6,5,4.012898663240126,3.93903737848627,3.9080289919403284,184.83548618888,12.51188986232791
-1.53,50,0.84,6,4.08663808535681,3.1349339095694395,3.1389798728749856,17.530631879224156,10.063242698892244
-1.53,100,0.78,6,4.08663808535681,3.4292228884646088,3.3890688852269224,27.511114324354065,10.298819587628866
-1.53,500,0.72,6,4.08663808535681,3.7854257127747317,3.7853438480510766,76.97832359274878,10.547974683544304
-1.53,1000,0.66,6,4.08663808535681,3.9012102201863437,3.8957186999891844,119.4174039403639,11.46636850152905
-1.53,2000,0.6,6,4.08663808535681,3.9980203139872783,3.9837410773040287,184.04445845148777,13.089528795811518
-1.53,50,0.84,7,4.1019260004371265,3.178924668976778,3.1395746018252697,17.561193580092848,10.05251509054326
-1.53,100,0.78,7,4.1019260004371265,3.514995293193065,3.4023387427566987,27.514532326051803,10.275265501884208
-1.53,500,0.72,7,4.1019260004371265,3.8620208921821417,3.8176159976761013,78.72759908373007,10.52085894736842
-1.53,1000,0.66,7,4.1019260004371265,3.961943850793138,3.9417528083153592,122.53358120279496,11.325571913929783
-1.53,2000,0.6,7,4.1019260004371265,4.047978717245177,4.024220519091804,187.58511741931338,13.006501950585175
-1.53,50,0.84,8,4.096315069113926,3.1225296068763337,3.117270107560816,17.66390710394745,10.059597585513078
-1.53,100,0.78,8,4.096315069113926,3.318093065752989,3.3822932081479404,27.935007069494493,10.308762886597938
-1.53,500,0.72,8,4.096315069113926,3.8459421803073672,3.79520741077741,79.53216215774458,10.518401682439537
-1.53,1000,0.66,8,4.096315069113926,3.923197626998917,3.9125107326129007,124.29933814961926,11.313819209039547
-1.53,2000,0.6,8,4.096315069113926,3.984857400261357,4.01214106643218,192.86586163087958,12.988845654993515
-1.53,50,0.84,9,4.00315782441535,3.12870575208633,3.0521101306032055,17.30042087655489,10.03558232931727
-1.53,100,0.78,9,4.00315782441535,3.2884303827223036,3.302188609201874,27.44066483795253,10.2
-1.53,500,0.72,9,4.00315782441535,3.721428685836551,3.7166201479277943,77.49674334429662,10.411458333333334
-1.53,1000,0.66,9,4.00315782441535,3.808288939170737,3.8250411689523087,119.14707120020529,11.14624303232999
-1.53,2000,0.6,9,4.00315782441535,3.923420037459013,3.8995343027763356,181.4594936883285,12.488653366583542
-1.53,50,0.84,10,4.022456636025051,2.9935769570876127,3.0661560922039994,17.194773771298554,10.054245472837023
-1.53,100,0.78,10,4.022456636025051,3.3461640947420976,3.321412356212255,27.19963135741136,10.250723076923077
-1.53,500,0.72,10,4.022456636025051,3.7150296564323946,3.7206685699519886,76.71031329788246,10.459100418410044
-1.53,1000,0.66,10,4.022456636025051,3.8330694943717334,3.83744710022557,119.64708813714206,11.138641425389755
-1.53,2000,0.6,10,4.022456636025051,3.9312600664392905,3.9243282225358604,186.54589013172748,12.572327044025156
-1.53,50,0.84,11,4.0993901277446,3.080271033280117,3.1366287261061214,17.57951977643649,10.046231155778894
-1.53,100,0.78,11,4.0993901277446,3.472441228615247,3.3993908161355457,27.59569200985489,10.20929519918284
-1.53,500,0.72,11,4.0993901277446,3.788041486819812,3.8270168063705903,77.46260340029768,10.478071278825995
-1.53,1000,0.66,11,4.0993901277446,3.912201602268014,3.947931710893665,120.74844866702207,11.284794582392777
-1.53,2000,0.6,11,4.0993901277446,4.023964796667167,4.034285376474933,188.6168289339731,12.805889884763124
-1.53,50,0.84,12,4.0423224072230965,2.9955287303561464,3.078910667669301,17.307717393622735,10.043336683417087
-1.53,100,0.78,12,4.0423224072230965,3.2528622771170155,3.3389416811401875,27.44847824846455,10.223415132924336
-1.53,500,0.72,12,4.0423224072230965,3.77631575002422,3.7525489110437267,78.67244856081757,10.427528675703858
-1.53,1000,0.66,12,4.0423224072230965,3.8708674109130627,3.857824394546848,122.58344183679115,11.194279955207167
-1.53,2000,0.6,12,4.0423224072230965,3.9248033455938987,3.953729943716811,190.1326482985848,12.609331651954603
-1.53,50,0.84,13,4.072379404845101,3.0757634621964236,3.1142064042490833,17.537246808404834,10.044221105527638
-1.53,100,0.78,13,4.072379404845101,3.3477371277072785,3.376284313863823,27.618758158046273,10.284979423868313
-1.53,500,0.72,13,4.072379404845101,3.764909503054293,3.785999368040148,78.01899713662121,10.547320675105485
-1.53,1000,0.66,13,4.072379404845101,3.907754974754583,3.8980090130153586,121.17403275333125,11.306430995475113
-1.53,2000,0.6,13,4.072379404845101,3.9894576659968033,3.9863451243815624,186.73203491482693,12.940491591203104
-1.53,50,0.84,14,4.111067584157231,3.411301280259189,3.144136914837813,17.653204215544665,10.0523138832998
-1.53,100,0.78,14,4.111067584157231,3.430109325515427,3.404415026031759,27.683561947083124,10.303704467353953
-1.53,500,0.72,14,4.111067584157231,3.8353406877239635,3.82039475188447,78.66083016332502,10.575661375661376
-1.53,1000,0.66,14,4.111067584157231,3.96821627981099,3.9283859362040117,123.08680322229144,11.401744583808437
-1.53,2000,0.6,14,4.111067584157231,4.02410612795771,4.005962773865616,191.600925196778,12.950777202072539
-1.53,50,0.84,15,4.02398802193659,3.195115292570373,3.077238332665195,17.370910160243508,10.041085427135679
-1.53,100,0.78,15,4.02398802193659,3.394613701881135,3.337119457622735,27.39079631642048,10.232302968270215
-1.53,500,0.72,15,4.02398802193659,3.7205378987882667,3.747337723610252,76.32272539588647,10.446844305120166
-1.53,1000,0.66,15,4.02398802193659,3.8422492138489184,3.861293877402157,117.47507678443631,11.122102335928808
-1.53,2000,0.6,15,4.02398802193659,3.9700080793587746,3.942825708524556,180.16679394968847,12.63198653198653
-1.53,50,0.84,16,4.056087804145314,3.384782447786936,3.104840096814137,17.404820094012987,10.053011401743797
-1.53,100,0.78,16,4.056087804145314,3.369511835708912,3.3665972118828567,27.354408044561136,10.246523076923076
-1.53,500,0.72,16,4.056087804145314,3.741153942170116,3.7663231574852007,76.69917384230283,10.410729166666668
-1.53,1000,0.66,16,4.056087804145314,3.9133430480381173,3.880196442597705,118.76350634350206,11.208587443946188
-1.53,2000,0.6,16,4.056087804145314,3.9898344345651453,3.9556770961070296,183.33312646015236,12.685702199661591
-1.53,50,0.84,17,4.049745919892906,3.155795306915876,3.096800058671129,17.431737715793584,10.026078234704112
-1.53,100,0.78,17,4.049745919892906,3.3497221353928297,3.345995641171733,27.467111607427757,10.22383435582822
-1.53,500,0.72,17,4.049745919892906,3.74672939360363,3.7467988281999554,77.61270979876463,10.449278996865203
-1.53,1000,0.66,17,4.049745919892906,3.872168844063983,3.85580198765297,120.13091614675113,11.312714932126697
-1.53,2000,0.6,17,4.049745919892906,3.954331087140049,3.933484238846561,185.47406096131164,12.983116883116883
-1.53,50,0.84,18,4.051705386617025,3.261252263082336,3.09947897604089,17.465960890409658,10.034136546184738
-1.53,100,0.78,18,4.051705386617025,3.291246109505713,3.3586536854640587,27.487868456265414,10.219427987742595
-1.53,500,0.72,18,4.051705386617025,3.6840867997737883,3.7531936229343814,77.17563330030853,10.476939203354299
-1.53,1000,0.66,18,4.051705386617025,3.9132481121412406,3.859205915651004,119.41667754879349,11.20067264573991
-1.53,2000,0.6,18,4.051705386617025,3.937215444763301,3.93872120953787,183.94620622375186,12.76624149659864
-1.53,50,0.84,19,4.082359925052227,3.1999587367135334,3.1093901757569236,17.648784819143135,10.055667337357477
-1.53,100,0.78,19,4.082359925052227,3.2951690411974313,3.3764429836739436,28.076890980025357,10.302549828178693
-1.53,500,0.72,19,4.082359925052227,3.7883093589910395,3.7818087541391074,80.07614509560901,10.50047619047619
-1.53,1000,0.66,19,4.082359925052227,3.949874932447193,3.8866187088509756,123.96043162997245,11.220252525252526
-1.53,2000,0.6,19,4.082359925052227,4.004221178432875,3.9563240579485552,189.3373870688073,12.76704980842912
-1.53,50,0.84,20,4.037326495175641,3.089863239131371,3.0990164678032417,17.443407349788124,10.054245472837023
-1.53,100,0.78,20,4.037326495175641,3.369774009542973,3.3511597898088485,27.415604215931975,10.264887063655031
-1.53,500,0.72,20,4.037326495175641,3.7404576435164136,3.746647635341797,76.27801840505887,10.523157894736842
-1.53,1000,0.66,20,4.037326495175641,3.935154967781359,3.838180730978259,117.56827354508647,11.385404328018224
-1.53,2000,0.6,20,4.037326495175641,3.9140877112153896,3.9031276955161496,179.8314896065385,12.904258064516128
-1.53,50,0.84,21,3.9609400596872995,3.0626139154051035,3.049907169430422,17.003303478974544,10.033179538615848
-1.53,100,0.78,21,3.9609400596872995,3.3412310164817023,3.295135838810682,26.61317204327328,10.2
-1.53,500,0.72,21,3.9609400596872995,3.629150230301351,3.689827172621028,74.2774512352942,10.359889464594128
-1.53,1000,0.66,21,3.9609400596872995,3.7956304141677,3.7823979745688936,114.9221703828956,11.04116868798236
-1.53,2000,0.6,21,3.9609400596872995,3.8796175020792645,3.8495528956468306,177.16034758851703,12.618242959226567
-1.53,50,0.84,22,4.1290222153813865,3.2376093495104,3.1551851666410253,17.774164732911373,10.05420523138833
-1.53,100,0.78,22,4.1290222153813865,3.284430719455807,3.4231341174215015,28.02791637781154,10.313642930856552
-1.53,500,0.72,22,4.1290222153813865,3.773713294749166,3.843124537144814,79.25539037039789,10.613036093418259
-1.53,1000,0.66,22,4.1290222153813865,3.942516092972306,3.961978984606236,122.77544655628752,11.449942726231384
-1.53,2000,0.6,22,4.1290222153813865,4.042656728339121,4.058056770306864,189.47786543671035,13.086649214659687
-1.53,50,0.84,23,4.095248966714635,3.2063015749791206,3.1309897701632745,17.5262962224017,10.044180904522612
-1.53,100,0.78,23,4.095248966714635,3.35418647714532,3.3958346230633385,27.700957062061324,10.24878358974359
-1.53,500,0.72,23,4.095248966714635,3.86039991277829,3.819477044107141,79.47816740808594,10.42281543274244
-1.53,1000,0.66,23,4.095248966714635,3.9193004867875176,3.9395496754871067,123.77807018579543,11.245504311961005
-1.53,2000,0.6,23,4.095248966714635,4.021097189195833,4.049216048024458,191.2542129735098,12.917829457364341
-1.53,50,0.84,24,4.131776947896652,3.3291695726259514,3.150448336234578,17.71524086868752,10.034551539491298
-1.53,100,0.78,24,4.131776947896652,3.4369491532469416,3.4149885485972695,27.939622994842654,10.19013251783894
-1.53,500,0.72,24,4.131776947896652,3.790979042664973,3.8406989193238648,79.7822897045547,10.394566874566875
-1.53,1000,0.66,24,4.131776947896652,3.9600619141447133,3.9620190424076775,125.13190178769725,11.364204545454545
-1.53,2000,0.6,24,4.131776947896652,4.003629672990281,4.070560410109546,195.0038392756987,13.073638344226579
-1.53,50,0.84,25,4.121464024930074,3.123156047996541,3.148325985827985,17.72434431041555,10.020942828485456
-1.53,100,0.78,25,4.121464024930074,3.2477605021761904,3.4096044374921557,27.94649793643538,10.240445696721311
-1.53,500,0.72,25,4.121464024930074,3.8203167035126304,3.8204962544623986,79.20568802302364,10.535848261327715
-1.53,1000,0.66,25,4.121464024930074,3.8799381993674658,3.9393780810416725,123.31303963608914,11.33517006802721
-1.53,2000,0.6,25,4.121464024930074,4.0192473270031055,4.051009929242557,191.93317866484455,13.015625
-1.53,50,0.84,26,4.04836960744449,3.2408097549562207,3.103231654527342,17.376485771861933,10.049527638190956
-1.53,100,0.78,26,4.04836960744449,3.4067877090394227,3.363166771403305,27.34678696012295,10.263367556468173
-1.53,500,0.72,26,4.04836960744449,3.69719118296643,3.756466127957018,76.9564261093443,10.522708771929825
-1.53,1000,0.66,26,4.04836960744449,3.8534199971223373,3.855724763014927,118.88915362750623,11.304128060263654
-1.53,2000,0.6,26,4.04836960744449,3.950854916071145,3.9215845587366123,183.4291798950891,12.93359173126615
-1.53,50,0.84,27,4.118080956908601,2.9476081990239065,3.134542118791521,17.795262887186812,10.0484824120603
-1.53,100,0.78,27,4.118080956908601,3.3776215550957103,3.403876866839297,28.202951849980145,10.252307692307692
-1.53,500,0.72,27,4.118080956908601,3.912022586379423,3.8230764651977514,79.88042173117174,10.515816719132564
-1.53,1000,0.66,27,4.118080956908601,3.9511228231136135,3.9300508764069733,124.46762448282958,11.322048964218457
-1.53,2000,0.6,27,4.118080956908601,4.040268980514056,4.018150343900062,193.13003589347684,12.888416988416987
-1.53,50,0.84,28,4.016642761023135,3.080003195440077,3.0886212040637555,17.20702483788231,10.017234468937875
-1.53,100,0.78,28,4.016642761023135,3.3604313516331032,3.3354975280649444,26.972142313621482,10.229553053565335
-1.53,500,0.72,28,4.016642761023135,3.7950678133429405,3.733618910318894,75.21579684853614,10.490003497726478
-1.53,1000,0.66,28,4.016642761023135,3.855849778124837,3.856247600596579,116.68086136940262,11.255523059617548
-1.53,2000,0.6,28,4.016642761023135,3.9131757339537834,3.9601508423260356,179.74643365839097,12.847240051347882
-1.53,50,0.84,29,4.133445015315235,3.158019092499224,3.160503372559175,17.857296285513247,10.060006713662304
-1.53,100,0.78,29,4.133445015315235,3.366212613897031,3.4256702378357957,28.1422665445478,10.338562564632884
-1.53,500,0.72,29,4.133445015315235,3.815240115310226,3.8397749225275586,78.89469971856653,10.544609704641351
-1.53,1000,0.66,29,4.133445015315235,3.9461940973797867,3.93514375321259,122.76554137789675,11.42936
-1.53,2000,0.6,29,4.133445015315235,4.05009785245698,3.999150602093762,190.9703072278218,13.0
-1.53,50,0.84,30,4.101250912395113,3.2287598360066605,3.1090725631927554,17.70672646302376,10.046150753768844
-1.53,100,0.78,30,4.101250912395113,3.5174380901922846,3.3766774039336314,28.10525773433153,10.219795501022494
-1.53,500,0.72,30,4.101250912395113,3.719680277588749,3.810144797975321,80.04772796327043,10.502605042016807
-1.53,1000,0.66,30,4.101250912395113,3.929837927236862,3.9307636406696904,124.35749271342742,11.310090497737557
-1.53,2000,0.6,30,4.101250912395113,3.991014745931603,4.025286336326111,192.67418502184407,12.817948717948719
-1.53,50,0.84,31,4.055634266527488,3.100593255046322,3.091883550280859,17.535397312358644,10.052649228705567
-1.53,100,0.78,31,4.055634266527488,3.2968312299708296,3.3598976818548816,27.7821854580821,10.280924024640656
-1.53,500,0.72,31,4.055634266527488,3.78329986404245,3.781943224956075,79.02218035475889,10.470934449093445
-1.53,1000,0.66,31,4.055634266527488,3.8637689291976103,3.8939510520375027,122.46567653677037,11.262220973782773
-1.53,2000,0.6,31,4.055634266527488,3.9639450307552044,3.982732733774875,188.33025737421863,12.775190839694655
-1.53,50,0.84,32,4.06025844467649,3.0569430932979347,3.100193490754184,17.497837096913077,10.042693467336683
-1.53,100,0.78,32,4.06025844467649,3.2951170595976533,3.3619281083632524,27.65077897983605,10.23830092118731
-1.53,500,0.72,32,4.06025844467649,3.821127025800405,3.7711719351261754,77.79688150144685,10.451118077324976
-1.53,1000,0.66,32,4.06025844467649,3.8943052385925503,3.8765697045281327,119.92362393439693,11.266377952755905
-1.53,2000,0.6,32,4.06025844467649,3.970723158761426,3.949477168363774,183.68113903259868,12.885456885456886
-1.53,50,0.84,33,4.036167661381411,3.030868789411794,3.090938335949657,17.218392856687338,10.053655264922869
-1.53,100,0.78,33,4.036167661381411,3.384377926024613,3.339224086230284,27.050134526031158,10.254266666666666
-1.53,500,0.72,33,4.036167661381411,3.6780398266358616,3.7467486255487494,75.94963625780554,10.504558823529411
-1.53,1000,0.66,33,4.036167661381411,3.845552617400439,3.8641857585495436,118.34977313958787,11.202956326987682
-1.53,2000,0.6,33,4.036167661381411,3.9541715429221433,3.9660653038397338,183.44720850039135,12.713087674714105
-1.53,50,0.84,34,4.091652770658024,3.122342140128318,3.135996352125625,17.632612130008567,10.066948640483384
-1.53,100,0.78,34,4.091652770658024,3.3532883444978294,3.3960634411728057,27.729685400223016,10.237643442622952
-1.53,500,0.72,34,4.091652770658024,3.8318875864502004,3.797165407383943,77.22774986753913,10.497899159663865
-1.53,1000,0.66,34,4.091652770658024,3.8616272833332146,3.9119301074716204,118.68177785463763,11.348846008323875
-1.53,2000,0.6,34,4.091652770658024,4.00743698706102,3.9880822860158696,182.33967660436835,12.985732814526589
-1.53,50,0.84,35,4.12190531167129,3.212619250107037,3.148902116769515,17.59847625567136,10.028846539618856
-1.53,100,0.78,35,4.12190531167129,3.309580827764429,3.406309609480771,27.76967847230824,10.233879222108495
-1.53,500,0.72,35,4.12190531167129,3.839320342547571,3.8214932715346577,79.27391762173937,10.474429319371728
-1.53,1000,0.66,35,4.12190531167129,3.9208319195121417,3.947548990042202,123.80532774535556,11.336923658352228
-1.53,2000,0.6,35,4.12190531167129,4.018069053729781,4.034674057132948,192.25332997423376,13.005541125541125
-1.53,50,0.84,36,4.111985887219669,3.128217190516624,3.1490955385712254,17.72136826498269,10.05645875251509
-1.53,100,0.78,36,4.111985887219669,3.362620843791434,3.4103841959252414,28.02158866136296,10.296204943357363
-1.53,500,0.72,36,4.111985887219669,3.819529642665753,3.808666452868974,78.709384259969,10.562914466737064
-1.53,1000,0.66,36,4.111985887219669,3.9200554001802717,3.926154956683515,121.15768235584012,11.459072164948454
-1.53,2000,0.6,36,4.111985887219669,4.029504191735522,4.010245416325042,185.46159646550072,13.110720838794233
-1.53,50,0.84,37,4.1002542741786545,3.0119145255465574,3.1377180716207818,17.579211793368824,10.046231155778894
-1.53,100,0.78,37,4.1002542741786545,3.339633823323986,3.3957841534209714,27.728269501505256,10.293254376931
-1.53,500,0.72,37,4.1002542741786545,3.8068160342625688,3.79780904804106,78.63801834027416,10.522631578947369
-1.53,1000,0.66,37,4.1002542741786545,3.905852366884403,3.904073101345272,122.48403046655882,11.347400681044267
-1.53,2000,0.6,37,4.1002542741786545,4.02674882921153,3.965930984628009,190.17087523080932,12.917743324720067
-1.53,50,0.84,38,4.11459897921522,2.9622213313171057,3.135375910145664,17.69980239632486,10.073387096774193
-1.53,100,0.78,38,4.11459897921522,3.456294796409675,3.3895589728835267,28.014408484883827,10.327221074380166
-1.53,500,0.72,38,4.11459897921522,3.8491419647575866,3.798884173349206,80.45818221772697,10.553382611756424
-1.53,1000,0.66,38,4.11459897921522,3.975872358789881,3.912596166639466,125.68165033897002,11.365545454545455
-1.53,2000,0.6,38,4.11459897921522,3.9965493232276663,3.9855849203626303,195.15305920001472,13.06954248366013
-1.53,50,0.84,39,4.183826864103251,3.1272639544443708,3.1648402093250123,18.03922979303633,10.073803763440862
-1.53,100,0.78,39,4.183826864103251,3.3435007609261,3.444286913655332,28.68900183484341,10.364854771784232
-1.53,500,0.72,39,4.183826864103251,3.8884705446880874,3.8843272542755845,83.19578614279865,10.62034431455898
-1.53,1000,0.66,39,4.183826864103251,3.9931764451943756,3.9888261881455764,130.4042990184225,11.384815489749432
-1.53,2000,0.6,39,4.183826864103251,4.103964562614185,4.095796840391342,202.62139877216012,13.082460732984295
-1.53,50,0.84,40,4.151206895823876,3.1968291830724183,3.1694781004685715,17.881775021424463,10.043618090452261
-1.53,100,0.78,40,4.151206895823876,3.4512040666853294,3.4357384925349654,28.290244388867833,10.302999999999999
-1.53,500,0.72,40,4.151206895823876,3.898710317920137,3.859300256366054,80.432553152531,10.561774023231257
-1.53,1000,0.66,40,4.151206895823876,3.9957169576335745,3.987278939883334,125.17867741608808,11.458018327605958
-1.53,2000,0.6,40,4.151206895823876,4.048375562963057,4.086473489337186,194.43154275942285,13.221928665785997
-1.53,50,0.84,41,3.9105323900766162,2.8971976795994054,3.032856164510963,16.891773155212455,10.027081243731194
-1.53,100,0.78,41,3.9105323900766162,3.2284743243874168,3.282313969932215,26.379690370658096,10.212992849846783
-1.53,500,0.72,41,3.9105323900766162,3.702120443087884,3.6477414230122824,71.94025995897287,10.371908713692946
-1.53,1000,0.66,41,3.9105323900766162,3.79354819129764,3.7280831839764166,109.72089590421214,10.997887788778877
-1.53,2000,0.6,41,3.9105323900766162,3.840424500163826,3.7828500750011593,166.14932674541234,12.421987577639753
-1.53,50,0.84,42,4.043958160043889,2.9591215201497088,3.0946955762240376,17.34771941646161,10.065458207452165
-1.53,100,0.78,42,4.043958160043889,3.274946996359213,3.3539430453918304,27.35330596092815,10.205
-1.53,500,0.72,42,4.043958160043889,3.8008953499207627,3.7591499613455768,77.63065408967296,10.47853249475891
-1.53,1000,0.66,42,4.043958160043889,3.846823154371465,3.862228841138581,120.99380356993952,11.158800223214286
-1.53,2000,0.6,42,4.043958160043889,3.9694695473954247,3.930460048625767,187.1127988843233,12.616498316498316
-1.53,50,0.84,43,3.9967854874371778,3.2124509389590097,3.0472582164314326,17.113957409129736,10.037911646586345
-1.53,100,0.78,43,3.9967854874371778,3.246953982261399,3.2986694324484094,26.92443577151537,10.199190476190475
-1.53,500,0.72,43,3.9967854874371778,3.7357494131822415,3.702336836241794,76.08670491719565,10.488478488982162
-1.53,1000,0.66,43,3.9967854874371778,3.798615835398865,3.8166060120471568,118.67704810333586,11.147564102564102
-1.53,2000,0.6,43,3.9967854874371778,3.922287554940189,3.9167270663975406,185.59974246737045,12.653223767383057
-1.53,50,0.84,44,4.092267109231964,3.2543691065391274,3.1055051811003462,17.587303950472236,10.091919191919192
-1.53,100,0.78,44,4.092267109231964,3.502607299220056,3.3671611258693313,27.86523863279773,10.316831955922865
-1.53,500,0.72,44,4.092267109231964,3.800915239612725,3.7950260656577313,79.77807153993791,10.470240837696336
-1.53,1000,0.66,44,4.092267109231964,3.906016833268353,3.938934337165195,124.4422664452887,11.279345372460497
-1.53,2000,0.6,44,4.092267109231964,3.9976167622826595,4.058395285493914,194.3589238032999,12.941602067183462
-1.53,50,0.84,45,4.116904460255055,2.993497744169802,3.1248478308697876,17.768497761807257,10.047075376884422
-1.53,100,0.78,45,4.116904460255055,3.3671547914998796,3.391857827115776,28.17003806589399,10.2591273100616
-1.53,500,0.72,45,4.116904460255055,3.84699539618056,3.8229872440255765,80.58512663693017,10.50788643533123
-1.53,1000,0.66,45,4.116904460255055,3.961217757631924,3.943157532345091,125.49766947262106,11.315407239819004
-1.53,2000,0.6,45,4.116904460255055,4.053934052345198,4.037377977201127,193.34292235692806,12.93150064683053
-1.53,50,0.84,46,4.0949287046593525,3.112365322905542,3.1161998542749023,17.660199913389064,10.066183282980866
-1.53,100,0.78,46,4.0949287046593525,3.363679728668316,3.385107810214076,28.056234125180186,10.269417119365732
-1.53,500,0.72,46,4.0949287046593525,3.7692173729225944,3.79481780640273,80.21473955058988,10.463874345549739
-1.53,1000,0.66,46,4.0949287046593525,3.9774712255943663,3.8979780091826184,124.77457133801967,11.271860202931231
-1.53,2000,0.6,46,4.0949287046593525,4.0020512274664615,3.980525016118109,192.74887610494497,12.880473735886108
-1.53,50,0.84,47,4.010938857273706,3.1760520041099367,3.063384975766662,17.253529344449273,10.069244712990937
-1.53,100,0.78,47,4.010938857273706,3.2923846816456477,3.3159635088211017,27.267404961180045,10.283909465020574
-1.53,500,0.72,47,4.010938857273706,3.7496254256156036,3.708448060735897,76.71483177719841,10.5589651531151
-1.53,1000,0.66,47,4.010938857273706,3.827564443443849,3.8191122514745595,118.42760526064657,11.272342342342343
-1.53,2000,0.6,47,4.010938857273706,3.9188008024330294,3.9083882684178417,181.37141518590565,12.715628970775096
-1.53,50,0.84,48,4.125762744843442,3.2067541608807018,3.1568818283438036,17.744043637898873,10.053239436619718
-1.53,100,0.78,48,4.125762744843442,3.371058115745612,3.421399749192575,27.960005782821835,10.310371517027864
-1.53,500,0.72,48,4.125762744843442,3.9030054843042725,3.8497893302360096,79.28988409698033,10.588474576271187
-1.53,1000,0.66,48,4.125762744843442,3.9731771848353823,3.9663990698896834,123.58946347472269,11.465460244648318
-1.53,2000,0.6,48,4.125762744843442,4.03417556067147,4.046126326861828,192.1053027247788,13.230846560846562
-1.53,50,0.84,49,4.102298319615484,3.1364897323836174,3.1502277450589133,17.621791597405664,10.04313567839196
-1.53,100,0.78,49,4.102298319615484,3.412540321438281,3.40770409975137,27.7158184774803,10.217791411042946
-1.53,500,0.72,49,4.102298319615484,3.821781906786479,3.813989790195044,77.30354949457211,10.4321503131524
-1.53,1000,0.66,49,4.102298319615484,3.9007860628845537,3.9259322461532338,119.2014353281886,11.27678490990991
-1.53,2000,0.6,49,4.102298319615484,4.030531653425582,4.0166532745228745,184.46899579552831,12.987077922077921
-1.53,50,0.84,50,4.169973047392034,3.215987285995948,3.1857817531113195,18.087867900190563,10.040536013400335
-1.53,100,0.78,50,4.169973047392034,3.4895440387657644,3.4550281474048505,28.639522675895236,10.29211122554068
-1.53,500,0.72,50,4.169973047392034,3.8673972313499347,3.869548438248106,80.23353824987188,10.614097664543523
-1.53,1000,0.66,50,4.169973047392034,3.992150957532379,3.994647643996767,123.46218206211489,11.495264367816091
-1.53,2000,0.6,50,4.169973047392034,4.079233134632496,4.105048472272671,189.69871877064284,13.242592592592592
-1.53,50,0.84,51,3.932161303103097,2.989800888489542,3.037916198522658,16.67166451405045,10.051844399731722
-1.53,100,0.78,51,3.932161303103097,3.2572425810945043,3.2847897197665565,26.102428265752476,10.238968579234973
-1.53,500,0.72,51,3.932161303103097,3.6100864378994273,3.666790211441766,73.28110744854115,10.364232365145227
-1.53,1000,0.66,51,3.932161303103097,3.78109834624077,3.7651880288892894,113.52865572939074,11.033723325974982
-1.53,2000,0.6,51,3.932161303103097,3.863011982642592,3.829324637203149,174.88653240923878,12.309359605911329
-1.53,50,0.84,52,4.06491935562541,3.086052374912147,3.08816461856741,17.292425422674423,10.054245472837023
-1.53,100,0.78,52,4.06491935562541,3.4665704771403405,3.3391012059405876,27.413310715037124,10.256328205128206
-1.53,500,0.72,52,4.06491935562541,3.7650784452979074,3.757453143566199,79.52217087688842,10.472327044025157
-1.53,1000,0.66,52,4.06491935562541,3.8489632376818266,3.8851812044078042,125.46838342127225,11.269819616685457
-1.53,2000,0.6,52,4.06491935562541,3.939862141534087,3.9920615335459892,196.84036717772418,12.701397712833545
-1.53,50,0.84,53,4.023735309510798,3.1364436722260267,3.0871603942342576,17.247548213880176,10.042412060301508
-1.53,100,0.78,53,4.023735309510798,3.1966088121420535,3.340711889061017,27.18047267598679,10.24148907103825
-1.53,500,0.72,53,4.023735309510798,3.743310052408529,3.7305517147851113,77.11254814410367,10.436151704940848
-1.53,1000,0.66,53,4.023735309510798,3.8828014694096993,3.852693373440444,120.25775520894015,11.275595640736565
-1.53,2000,0.6,53,4.023735309510798,3.955368603500323,3.9535486955760732,185.9696734884325,12.679340937896072
-1.53,50,0.84,54,4.048311313828782,3.0473024052789617,3.09522886834493,17.284498251195796,10.062356495468277
-1.53,100,0.78,54,4.048311313828782,3.290134081690906,3.3525142203512757,27.265391587115136,10.271188763275095
-1.53,500,0.72,54,4.048311313828782,3.726565635300606,3.7372338797333597,77.9860048818228,10.445384883315919
-1.53,1000,0.66,54,4.048311313828782,3.8864689657051414,3.8394676437134554,121.18215465927811,11.195408734602463
-1.53,2000,0.6,54,4.048311313828782,3.9413745642671847,3.944391755051887,187.2862385439738,12.720890585241731
-1.53,50,0.84,55,3.965945610218924,3.04730496763894,3.064164101498984,16.88815861498814,10.054325955734406
-1.53,100,0.78,55,3.965945610218924,3.273961042300871,3.308293367093429,26.38166206262543,10.277924750146973
-1.53,500,0.72,55,3.965945610218924,3.7681801705341442,3.6862435549171777,73.73500082543063,10.421647549530762
-1.53,1000,0.66,55,3.965945610218924,3.808010028773265,3.8170609997904554,114.51133672148791,11.183212527964205
-1.53,2000,0.6,55,3.965945610218924,3.8985855822401634,3.9372607136984894,176.58885888235787,12.690862944162436
-1.53,50,0.84,56,4.063234235050377,3.066222060871661,3.1165513902266846,17.503453337944546,10.035261044176707
-1.53,100,0.78,56,4.063234235050377,3.3108639673847633,3.370136685863683,27.541434909154116,10.246407369498465
-1.53,500,0.72,56,4.063234235050377,3.781604561017405,3.7739067346787314,77.53110425318971,10.540463157894738
-1.53,1000,0.66,56,4.063234235050377,3.8964139169487972,3.892013080149726,119.16653532597121,11.425205245153935
-1.53,2000,0.6,56,4.063234235050377,3.979844356925205,3.9732145556142124,180.48325437241195,13.028949652777778
-1.53,50,0.84,57,4.108654501057963,2.926232979014709,3.133487208583198,17.674744422468596,10.042130653266332
-1.53,100,0.78,57,4.108654501057963,3.3916744495923736,3.3945904081205094,27.85544050240291,10.33206611570248
-1.53,500,0.72,57,4.108654501057963,3.792905040672231,3.8086769056700565,79.0872862290264,10.542619549929677
-1.53,1000,0.66,57,4.108654501057963,3.8998508871133217,3.9215882038455803,123.99364408060467,11.397947548460662
-1.53,2000,0.6,57,4.108654501057963,4.020928148838641,4.007248510930149,194.10401694933688,13.032333767926987
-1.53,50,0.84,58,3.9977717608406103,3.1740630489316297,3.0714126397119443,17.167683822146852,10.032811244979918
-1.53,100,0.78,58,3.9977717608406103,3.3982376781104433,3.3265283764495455,27.01704430480529,10.201418367346939
-1.53,500,0.72,58,3.9977717608406103,3.6713119977174977,3.7276324599123107,75.58157955419728,10.426221758776505
-1.53,1000,0.66,58,3.9977717608406103,3.830764064883644,3.832537645574586,116.9792998015877,11.17971662938106
-1.53,2000,0.6,58,3.9977717608406103,3.9049177410434424,3.9277652072104448,180.9347416237996,12.65607594936709
-1.53,50,0.84,59,4.005286041166123,3.20964544784853,3.0802876283627234,17.145637518694947,10.067230614300101
-1.53,100,0.78,59,4.005286041166123,3.5323460471485872,3.3363634894847576,26.909595245881853,10.282664609053498
-1.53,500,0.72,59,4.005286041166123,3.607858783542647,3.736413112778397,75.57580282780471,10.402247658688868
-1.53,1000,0.66,59,4.005286041166123,3.8311057110961086,3.850873466555949,117.89303401470802,11.155416666666667
-1.53,2000,0.6,59,4.005286041166123,3.8989126261563998,3.9509054359768108,183.7976474402425,12.5939798488665
-1.53,50,0.84,60,4.0741162563082955,3.193550941473705,3.1031015215909985,17.504183353310996,10.063033232628399
-1.53,100,0.78,60,4.0741162563082955,3.373796507145279,3.3632455456123913,27.70091910037085,10.232088024564995
-1.53,500,0.72,60,4.0741162563082955,3.7463134797238666,3.7787452048601615,78.39562196707408,10.48850996852046
-1.53,1000,0.66,60,4.0741162563082955,3.9034173470625775,3.8826820495767205,121.0774332327908,11.171508379888268
-1.53,2000,0.6,60,4.0741162563082955,3.9885058303240997,3.9582051552344533,186.78208796775604,12.700211774671748
-1.53,50,0.84,61,4.119830163158891,2.9376359224937225,3.144166803205773,17.75392496174945,10.049617706237424
-1.53,100,0.78,61,4.119830163158891,3.5314070262213355,3.409853725731645,28.06347117576396,10.29557157569516
-1.53,500,0.72,61,4.119830163158891,3.8348586499445205,3.8207554659525567,79.16857667899984,10.605323435843054
-1.53,1000,0.66,61,4.119830163158891,3.9344527590602545,3.9279357680798337,122.12313924661865,11.401071835803876
-1.53,2000,0.6,61,4.119830163158891,4.008480092694333,4.03610724233533,186.70078942964267,13.097905759162304
-1.53,50,0.84,62,4.058474268999603,3.1944414199277875,3.1130903388482953,17.438161577475935,10.021303911735206
-1.53,100,0.78,62,4.058474268999603,3.3025731052704104,3.3689518133897933,27.384903317505046,10.22878198567042
-1.53,500,0.72,62,4.058474268999603,3.7440282262684272,3.766041396870924,76.3234717962282,10.423955509210984
-1.53,1000,0.66,62,4.058474268999603,3.8877872461494833,3.8709149857604945,118.59993696910271,11.182197986577181
-1.53,2000,0.6,62,4.058474268999603,3.9931018182407376,3.965792939687799,184.4853628621,12.851413881748071
-1.53,50,0.84,63,4.092595418907138,3.159741297678767,3.1091641832919406,17.568834427614394,10.050503018108653
-1.53,100,0.78,63,4.092595418907138,3.3662403835112555,3.371334104198227,27.876496232945083,10.211215526046985
-1.53,500,0.72,63,4.092595418907138,3.770100133225777,3.8021810878262,80.07961407485217,10.432122477383437
-1.53,1000,0.66,63,4.092595418907138,3.952465561634979,3.9435624069707025,125.20996034414321,11.164330357142857
-1.53,2000,0.6,63,4.092595418907138,3.99607266557969,4.051410382291014,194.20109436528074,12.899096774193547
-1.53,50,0.84,64,4.106237597306784,3.1290836123979053,3.1382693900183836,17.720208830161827,10.042747068676716
-1.53,100,0.78,64,4.106237597306784,3.3584124859922246,3.3990162166705296,27.984527496652984,10.253866666666667
-1.53,500,0.72,64,4.106237597306784,3.8947641673498294,3.8097421084344227,79.02521612249024,10.459163179916317
-1.53,1000,0.66,64,4.106237597306784,3.9591341181899162,3.9316261798264467,122.5309880862524,11.171307262569831
-1.53,2000,0.6,64,4.106237597306784,4.004061473932369,4.017604032211211,188.90508011451684,12.86006855184233
-1.53,50,0.84,65,4.099211024950531,3.1944528466334945,3.1273852978116574,17.71648419222609,10.069435483870969
-1.53,100,0.78,65,4.099211024950531,3.3481620923754734,3.393988504552533,28.101430308133047,10.270832476875643
-1.53,500,0.72,65,4.099211024950531,3.801688871622814,3.7980802080380065,79.54942045461524,10.496890756302522
-1.53,1000,0.66,65,4.099211024950531,3.954215953255128,3.8994481447275167,122.7550746877326,11.220459126539755
-1.53,2000,0.6,65,4.099211024950531,3.999542622016441,3.961965976700797,188.42411163984474,12.906555269922878
-1.53,50,0.84,66,4.033616006340928,3.0034195449005856,3.1023496356881926,17.301544737568857,10.034471218206159
-1.53,100,0.78,66,4.033616006340928,3.2768071545038686,3.3545241422926644,27.161084907553683,10.259722792607803
-1.53,500,0.72,66,4.033616006340928,3.719985819644074,3.7463083772047434,76.53565385489824,10.486530954879328
-1.53,1000,0.66,66,4.033616006340928,3.8098533317693515,3.8572491899960637,118.93076599455293,11.242508436445444
-1.53,2000,0.6,66,4.033616006340928,3.936462476748013,3.9549132289313915,182.89695405590882,12.687182741116752
-1.53,50,0.84,67,4.074018427966466,3.15684984658849,3.116169374666964,17.46756700088755,10.060422960725075
-1.53,100,0.78,67,4.074018427966466,3.431476215541644,3.3727833498673743,27.597475245409694,10.273782117163412
-1.53,500,0.72,67,4.074018427966466,3.7871041994522345,3.7879144061461094,78.26499006487953,10.553298134459697
-1.53,1000,0.66,67,4.074018427966466,3.9670023725128543,3.906579142655089,121.1286182754112,11.366801136363636
-1.53,2000,0.6,67,4.074018427966466,4.000320613025924,3.990879531738801,185.69258553375514,12.885438144329898
-1.53,50,0.84,68,4.077658709369755,2.9809914594313334,3.0988939772614397,17.53650653335774,10.048120724346077
-1.53,100,0.78,68,4.077658709369755,3.3069360771180003,3.3649776189817997,27.794693670171515,10.231299897645854
-1.53,500,0.72,68,4.077658709369755,3.7807537494583956,3.7845401563392507,79.65118536898561,10.467015706806283
-1.53,1000,0.66,68,4.077658709369755,3.9048630637938464,3.9216090409577693,123.65562461749491,11.180000000000001
-1.53,2000,0.6,68,4.077658709369755,3.9846824131937653,4.026041547500533,189.2160082040808,12.591284634760704
-1.53,50,0.84,69,3.993168872533273,3.1381179974377162,3.066440536766081,17.20591145850747,10.036184738955823
-1.53,100,0.78,69,3.993168872533273,3.4935322178826276,3.32271440386839,27.065262574744473,10.228033094506992
-1.53,500,0.72,69,3.993168872533273,3.7609421411502333,3.730166900437773,75.24419100230676,10.420770833333334
-1.53,1000,0.66,69,3.993168872533273,3.8356333277480537,3.834252086053552,115.93172305978811,11.104316666666668
-1.53,2000,0.6,69,3.993168872533273,3.9352132127048427,3.9136944707809875,178.25027366162462,12.735368956743002
-1.53,50,0.84,70,4.040290560908197,3.078389153264973,3.0617445984456797,17.35982884599815,10.036144578313253
-1.53,100,0.78,70,4.040290560908197,3.3733668278135385,3.3178694612345447,27.548202434552106,10.211184882533198
-1.53,500,0.72,70,4.040290560908197,3.7597070622928173,3.7330930561842988,78.56492838601673,10.378234683281413
-1.53,1000,0.66,70,4.040290560908197,3.8644937147678853,3.8638666191825575,121.9109223464967,11.132917594654788
-1.53,2000,0.6,70,4.040290560908197,3.980512005859982,3.9640159512823536,188.94621512435018,12.659783001808318
-1.53,50,0.84,71,4.025603804622516,3.0325769572877883,3.093673052422391,17.399459591714358,10.050503018108653
-1.53,100,0.78,71,4.025603804622516,3.362886117243724,3.351923542700543,27.440086070273647,10.210398365679264
-1.53,500,0.72,71,4.025603804622516,3.7646350641793918,3.7554437648852064,76.72381831027815,10.388967428967431
-1.53,1000,0.66,71,4.025603804622516,3.8929199157053667,3.876212845070298,118.45802269373578,11.106429629629632
-1.53,2000,0.6,71,4.025603804622516,3.9395575670293157,3.990932779693665,182.10944670175252,12.683650190114069
-1.53,50,0.84,72,4.051928004527172,3.121459520430819,3.1129826677528794,17.450017336928777,10.034698795180722
-1.53,100,0.78,72,4.051928004527172,3.35682887073296,3.367834644188649,27.348374563765862,10.258824435318274
-1.53,500,0.72,72,4.051928004527172,3.7829851381163815,3.75827935899521,76.13548889425346,10.477840670859539
-1.53,1000,0.66,72,4.051928004527172,3.911881996929406,3.8679298079007345,117.4460543183888,11.260270270270269
-1.53,2000,0.6,72,4.051928004527172,3.9731804576339385,3.952737889726344,180.26001147806107,12.902064516129032
-1.53,50,0.84,73,4.007363718553362,3.0722692389414656,3.0872273936284786,17.177742478591437,10.051549295774647
-1.53,100,0.78,73,4.007363718553362,3.3801635823709497,3.339205667469751,26.910010399379914,10.242274590163934
-1.53,500,0.72,73,4.007363718553362,3.698894227389244,3.7141786641713934,74.99969355050749,10.486960167714884
-1.53,1000,0.66,73,4.007363718553362,3.834036310576393,3.802041888367447,116.71793251317153,11.099628190899002
-1.53,2000,0.6,73,4.007363718553362,3.879969811038601,3.871314865117401,181.2375594311677,12.710038119440913
-1.53,50,0.84,74,4.084667693070246,3.0363625540276997,3.111191396915493,17.54176781347657,10.056901408450704
-1.53,100,0.78,74,4.084667693070246,3.59691886624832,3.372547010960566,27.69152040007121,10.23933743169399
-1.53,500,0.72,74,4.084667693070246,3.8124902840078,3.788835762025282,79.02237422024092,10.465298429319372
-1.53,1000,0.66,74,4.084667693070246,3.932529377968848,3.918951175719001,123.30129033175334,11.242032245969254
-1.53,2000,0.6,74,4.084667693070246,4.017273307380976,3.9916092513151646,190.59667346211702,12.776500638569605
-1.53,50,0.84,75,4.065771068926528,3.1335591456170127,3.1008766641810355,17.578580036347777,10.068750000000001
-1.53,100,0.78,75,4.065771068926528,3.3930415461996715,3.3574328801035436,27.69013802721327,10.320965909090908
-1.53,500,0.72,75,4.065771068926528,3.8106520945087032,3.740111398883293,78.14987926441336,10.487051416579225
-1.53,1000,0.66,75,4.065771068926528,3.9253541403016805,3.863625735467136,121.76119257430904,11.33719954648526
-1.53,2000,0.6,75,4.065771068926528,3.982405592097043,3.98194289483395,189.0537370343651,12.904
-1.53,50,0.84,76,4.13131993447716,3.205317758145995,3.145480412216196,17.83660405417024,10.052997987927563
-1.53,100,0.78,76,4.13131993447716,3.460929015174422,3.4124954100174687,28.25285730527461,10.221717791411043
-1.53,500,0.72,76,4.13131993447716,3.793933717407527,3.838388310579264,79.79333662662486,10.430114702815432
-1.53,1000,0.66,76,4.13131993447716,3.9358358328639924,3.9725942349445065,122.93483807305618,11.35152478244419
-1.53,2000,0.6,76,4.13131993447716,4.032958507516474,4.076871089648353,188.2173185276249,12.950172711571675
-1.53,50,0.84,77,4.026353503523438,3.130648492892304,3.099032924743179,17.183039327852534,10.076895161290324
-1.53,100,0.78,77,4.026353503523438,3.3581760742934312,3.3519154378929557,26.969715438294102,10.281186556927295
-1.53,500,0.72,77,4.026353503523438,3.647190031023476,3.7433267379925224,75.37857343895023,10.496579223504723
-1.53,1000,0.66,77,4.026353503523438,3.843857683284326,3.855499722761414,116.70799123106623,11.264977477477476
-1.53,2000,0.6,77,4.026353503523438,3.915605438583308,3.9466855501741476,179.9755179002207,12.834102564102565
-1.53,50,0.84,78,4.073384086829309,3.1083727955392315,3.1179875617558697,17.440822042386483,10.02407221664995
-1.53,100,0.78,78,4.073384086829309,3.293008029896903,3.372512139311434,27.44100677942406,10.18892286782195
-1.53,500,0.72,78,4.073384086829309,3.722619269112003,3.770417662049247,78.07033316334127,10.379605399792315
-1.53,1000,0.66,78,4.073384086829309,3.906482828938324,3.885355381084777,121.26346575605562,11.165348214285714
-1.53,2000,0.6,78,4.073384086829309,3.9971377983989407,3.965489152984665,186.57763347895877,12.87059202059202
-1.53,50,0.84,79,4.059207594160048,3.041060176991099,3.1314115138470435,17.54073547747302,10.05494299128102
-1.53,100,0.78,79,4.059207594160048,3.284411822631997,3.386453370364286,27.655635455912826,10.269366221308669
-1.53,500,0.72,79,4.059207594160048,3.852023646546101,3.76368244436668,76.57747817363582,10.465874345549738
-1.53,1000,0.66,79,4.059207594160048,3.878889950539874,3.8642384758103887,116.96525964576824,11.309892533936653
-1.53,2000,0.6,79,4.059207594160048,3.9800746725716665,3.95041836166573,178.09908350605605,12.897462365591398
-1.53,50,0.84,80,4.036632550314746,3.029212870124842,3.099956779414557,17.3469870361491,10.032463186077644
-1.53,100,0.78,80,4.036632550314746,3.3587137601946915,3.354765484720245,27.278380560007097,10.22017382413088
-1.53,500,0.72,80,4.036632550314746,3.763584445787822,3.7467647277115255,76.20580854323777,10.42502606882169
-1.53,1000,0.66,80,4.036632550314746,3.818377263501204,3.861446893315231,117.13910864403636,11.246029246344206
-1.53,2000,0.6,80,4.036632550314746,3.94704879737217,3.962846805667333,178.61346298543864,12.675031685678073
-1.53,50,0.84,81,3.983893074400914,3.0429166551055133,3.0609381546959984,17.096722993887752,10.014642618570475
-1.53,100,0.78,81,3.983893074400914,3.3099343030518575,3.3197097040854273,26.911151787922428,10.18971797485559
-1.53,500,0.72,81,3.983893074400914,3.754193039023511,3.7163207061103463,74.88585867751397,10.380259605399793
-1.53,1000,0.66,81,3.983893074400914,3.83260663821578,3.8137202233973198,115.1981526482896,11.047513812154696
-1.53,2000,0.6,81,3.983893074400914,3.910776532738582,3.865777616847655,176.20073811539683,12.49895238095238
-1.53,50,0.84,82,4.036070503103403,2.9860185263593753,3.077474456959528,17.340412897724104,10.055774647887322
-1.53,100,0.78,82,4.036070503103403,3.3743105095096695,3.337703217199279,27.385286862635073,10.259945242984259
-1.53,500,0.72,82,4.036070503103403,3.756835782496977,3.76520170652246,77.86081621863784,10.498655462184873
-1.53,1000,0.66,82,4.036070503103403,3.8510692218521663,3.876744594894582,121.66261576176137,11.27022547914318
-1.53,2000,0.6,82,4.036070503103403,3.944673696001955,3.953507064144201,189.09399476161883,12.755484693877552
-1.53,50,0.84,83,4.072443482331064,3.30061116933478,3.121487734855112,17.456359429743156,10.034471218206159
-1.53,100,0.78,83,4.072443482331064,3.3525662123521847,3.379907106182058,27.326272632020082,10.259753593429158
-1.53,500,0.72,83,4.072443482331064,3.7233376457594254,3.773894294889685,77.16531168309106,10.488940188877228
-1.53,1000,0.66,83,4.072443482331064,3.862940080488946,3.878348442740621,120.48850223287369,11.350911842603104
-1.53,2000,0.6,83,4.072443482331064,3.9556614095407374,3.9489634369476345,186.94096109835272,12.930921619293711
-1.53,50,0.84,84,4.115959990183024,3.1491566187120372,3.147869727624887,17.79321832916185,10.091528619528619
-1.53,100,0.78,84,4.115959990183024,3.4461603514501897,3.4156169884799166,28.08879676707773,10.31219814241486
-1.53,500,0.72,84,4.115959990183024,3.779503485090923,3.835530542425649,79.22679174981249,10.596352067868505
-1.53,1000,0.66,84,4.115959990183024,3.948632538457421,3.9506450602184957,122.47218783308135,11.398551881413912
-1.53,2000,0.6,84,4.115959990183024,4.031220041737751,4.038866338613232,188.39792049111264,12.961521833117164
-1.53,50,0.84,85,4.064052934066263,3.144730944684804,3.105171718329189,17.47644243844288,10.062074521651562
-1.53,100,0.78,85,4.064052934066263,3.3152687268844416,3.3619462026106155,27.645989072616853,10.263480492813141
-1.53,500,0.72,85,4.064052934066263,3.77537613094909,3.7651558927533424,79.08950633397171,10.43034446764092
-1.53,1000,0.66,85,4.064052934066263,3.8887802549450163,3.87299052000066,123.27367344585764,11.26
-1.53,2000,0.6,85,4.064052934066263,3.9484743679701166,3.964072105681037,190.70607204186948,12.78312020460358
-1.53,50,0.84,86,4.1121037526906505,3.0118428620083355,3.147200684408797,17.762118683756444,10.036987951807228
-1.53,100,0.78,86,4.1121037526906505,3.505365208752045,3.4120402799055065,28.07262329384533,10.2580424366872
-1.53,500,0.72,86,4.1121037526906505,3.9309197264083204,3.8190633629453594,78.61994498023961,10.481132075471699
-1.53,1000,0.66,86,4.1121037526906505,3.941528860568673,3.9228412023552477,120.80268475297918,11.367318181818181
-1.53,2000,0.6,86,4.1121037526906505,4.039482045048538,4.011025532776785,183.78575710925804,12.92116129032258
-1.53,50,0.84,87,4.102080491079532,3.2568035372322255,3.149272936357814,17.64123927595114,10.064934541792548
-1.53,100,0.78,87,4.102080491079532,3.284828830608938,3.4125552944646818,27.82539659679102,10.293177136972194
-1.53,500,0.72,87,4.102080491079532,3.8576151618895365,3.8195730645790933,78.5562523081108,10.524231578947369
-1.53,1000,0.66,87,4.102080491079532,3.8885395917580596,3.923007989106174,121.78905820118118,11.28234762979684
-1.53,2000,0.6,87,4.102080491079532,4.024732753269452,4.01702164317873,186.8808609791616,12.868082368082367
-1.53,50,0.84,88,4.038964450548585,3.0705062095704916,3.0880367603942216,17.36090806360036,10.029850831899024
-1.53,100,0.78,88,4.038964450548585,3.3566664953108534,3.3510862649564577,27.357493154285745,10.235452527322405
-1.53,500,0.72,88,4.038964450548585,3.795600937148497,3.762662576603404,77.41386414469966,10.441393939393938
-1.53,1000,0.66,88,4.038964450548585,3.908613192464034,3.8815472366975277,120.44577468042695,11.22347923681257
-1.53,2000,0.6,88,4.038964450548585,3.961321920284805,3.9586816685356006,186.57733267134157,12.800682885189925
-1.53,50,0.84,89,4.065223504092517,3.075940405522985,3.114950758143823,17.43623745392872,10.040884422110553
-1.53,100,0.78,89,4.065223504092517,3.347493444276811,3.376308754513981,27.45108628310197,10.23221426134425
-1.53,500,0.72,89,4.065223504092517,3.8264317355679234,3.7714251904349934,77.19323175357522,10.439853862212944
-1.53,1000,0.66,89,4.065223504092517,3.854803174976343,3.8821862082106575,119.48624367197594,11.2429696287964
-1.53,2000,0.6,89,4.065223504092517,3.9926291168773274,3.9848881051486473,183.74222369963013,12.715139949109416
-1.53,50,0.84,90,4.071241175531615,3.047309903336194,3.096951633468223,17.53750644309122,10.022756268806418
-1.53,100,0.78,90,4.071241175531615,3.471558925415356,3.3603503598535567,27.860767130570483,10.208963227783451
-1.53,500,0.72,90,4.071241175531615,3.803521772958992,3.778709803561635,79.96688120211485,10.382803738317758
-1.53,1000,0.66,90,4.071241175531615,3.881065392251351,3.8876344851578133,124.36731395601298,11.120222469410455
-1.53,2000,0.6,90,4.071241175531615,3.9740645597625686,3.986642712601996,192.82669046722373,12.605632618747373
-1.53,50,0.84,91,4.120674544785356,3.249017329238068,3.13314636700367,17.779446011716434,10.034136546184738
-1.53,100,0.78,91,4.120674544785356,3.435357893412334,3.40037054663031,28.201268105105804,10.261806981519507
-1.53,500,0.72,91,4.120674544785356,3.866610215963334,3.8288255062561776,79.36311980750654,10.503634453781512
-1.53,1000,0.66,91,4.120674544785356,3.948732034485073,3.9562058349391047,123.03607856125014,11.359301929625426
-1.53,2000,0.6,91,4.120674544785356,4.010320357972312,4.06675281047848,192.30940802497426,12.8840206185567
-1.53,50,0.84,92,4.172871173785699,3.315676416982041,3.16548745146874,18.045347361285597,10.076612903225806
-1.53,100,0.78,92,4.172871173785699,3.48067977523361,3.4358372886173694,28.558051290211687,10.332568079972424
-1.53,500,0.72,92,4.172871173785699,3.8369609846343593,3.8606508805586253,81.66827960325892,10.56448202959831
-1.53,1000,0.66,92,4.172871173785699,4.011688596171772,3.9637568494628748,127.31448692919041,11.346642073401437
-1.53,2000,0.6,92,4.172871173785699,4.085853792065356,4.044351247254562,197.0344072923415,13.114285714285716
-1.53,50,0.84,93,4.038917095855423,2.904886760768892,3.0859366524459877,17.16668333786263,10.034471218206157
-1.53,100,0.78,93,4.038917095855423,3.335035160600492,3.3398494544332524,26.90227172573678,10.191661569826708
-1.53,500,0.72,93,4.038917095855423,3.796868671621329,3.754688672096806,76.44217902644795,10.391746361746362
-1.53,1000,0.66,93,4.038917095855423,3.8811271542785635,3.873514923839748,119.61017974224065,11.225106621773287
-1.53,2000,0.6,93,4.038917095855423,3.9274836519906033,3.956240149739543,186.54578437282132,12.729516539440203
-1.53,50,0.84,94,4.157403591349707,3.1501386326401195,3.172590728830545,17.85480195698642,10.05190342052314
-1.53,100,0.78,94,4.157403591349707,3.4946901220688433,3.4328606260400405,28.194025637461493,10.275477903391574
-1.53,500,0.72,94,4.157403591349707,3.9139760275735447,3.857789006400201,80.46125473514971,10.502689075630254
-1.53,1000,0.66,94,4.157403591349707,4.002190607226373,3.983466594901255,125.37474139286755,11.441052631578946
-1.53,2000,0.6,94,4.157403591349707,4.065838308629436,4.063017821876562,194.57299682960803,13.26366047745358
-1.53,50,0.84,95,4.155871584353687,3.188707059083827,3.166874985621234,17.78872154060753,10.050181086519114
-1.53,100,0.78,95,4.155871584353687,3.4612163481954283,3.426909950628721,28.050723153717197,10.260266940451745
-1.53,500,0.72,95,4.155871584353687,3.8771241796044515,3.8540212857988574,80.59310984355793,10.506386260077113
-1.53,1000,0.66,95,4.155871584353687,3.9078492400534963,3.986433637637771,126.56925103840584,11.247372372372372
-1.53,2000,0.6,95,4.155871584353687,4.030636377320339,4.093876251883252,196.3443128292555,13.09197207678883
-1.53,50,0.84,96,4.06096594089902,3.2037850049097236,3.114399130305403,17.604382353117916,10.066344410876132
-1.53,100,0.78,96,4.06096594089902,3.4366431869431304,3.3742015298407466,27.72697867048449,10.285267489711934
-1.53,500,0.72,96,4.06096594089902,3.7307266669605283,3.7855133665285137,77.34105641551216,10.517978947368421
-1.53,1000,0.66,96,4.06096594089902,3.9178171900886722,3.9077047922517703,119.02488076766215,11.284206170052672
-1.53,2000,0.6,96,4.06096594089902,3.967848382754197,3.9967394511769276,181.00848472664185,12.80093896713615
-1.53,50,0.84,97,4.064110823056936,3.1308518660211657,3.120966712059642,17.47065994526002,10.061784037558686
-1.53,100,0.78,97,4.064110823056936,3.395258405366705,3.373935625500324,27.42684621084177,10.278437821171634
-1.53,500,0.72,97,4.064110823056936,3.892951162247261,3.769701199830821,76.87422763529429,10.430281543274244
-1.53,1000,0.66,97,4.064110823056936,3.8551653996281217,3.8814895288945284,119.75605803636729,11.296741911211438
-1.53,2000,0.6,97,4.064110823056936,3.9969615085111294,3.9684687586627394,185.57714161586117,12.808143405889885
-1.53,50,0.84,98,4.076879140808529,3.2139117217518325,3.0961289900190496,17.4662728616546,10.059517102615693
-1.53,100,0.78,98,4.076879140808529,3.4529867615749685,3.360317764766851,27.675637324110124,10.279321685508737
-1.53,500,0.72,98,4.076879140808529,3.808190856499686,3.7690404896553393,79.29121428238057,10.488982161594963
-1.53,1000,0.66,98,4.076879140808529,3.8291763576762285,3.8896400221495475,123.557382743446,11.334336734693878
-1.53,2000,0.6,98,4.076879140808529,3.988299610155029,3.970836136074389,191.684309060325,12.873144573144575
-1.53,50,0.84,99,4.1360135244617275,3.244678150441054,3.1573285067431414,17.762904888977207,10.054299128101944
-1.53,100,0.78,99,4.1360135244617275,3.267614630749237,3.418357258702799,28.03807207594075,10.296354273944388
-1.53,500,0.72,99,4.1360135244617275,3.909210660518146,3.82040718521657,80.01323062623794,10.578807760141094
-1.53,1000,0.66,99,4.1360135244617275,3.9482322488939565,3.9278238760183166,124.8268543173352,11.41152168949772
-1.53,2000,0.6,99,4.1360135244617275,4.047647043312802,4.031770134656262,193.23634213614235,13.10799475753604
