genre,file,reduced_sample_size,subsample_len,mtld_thresholds,id_draw,sample_entropy,subsample_entropy_rdm,subsample_entropy_mav,exp_variety,mtld
poetry,ElizabethBrowning_AuroraLeigh.txt,50,10,0.84,0,5.331663380285988,3.2578679424325103,3.258513460741024,9.615967830240354,
poetry,ElizabethBrowning_AuroraLeigh.txt,50,50,0.78,0,5.331663380285988,5.331663380285988,5.331663380285988,44.0,
poetry,ElizabethBrowning_AuroraLeigh.txt,50,100,0.72,0,5.331663380285988,,,,
poetry,ElizabethBrowning_AuroraLeigh.txt,50,200,0.66,0,5.331663380285988,,,,
poetry,ElizabethBrowning_AuroraLeigh.txt,50,500,0.6,0,5.331663380285988,,,,
poetry,ElizabethBrowning_AuroraLeigh.txt,50,10,0.84,1,5.333660689688186,3.2877817534239506,3.273147607082487,9.681632653061238,
poetry,ElizabethBrowning_AuroraLeigh.txt,50,50,0.78,1,5.333660689688186,5.333660689688186,5.333660689688186,43.0,
poetry,ElizabethBrowning_AuroraLeigh.txt,50,100,0.72,1,5.333660689688186,,,,
poetry,ElizabethBrowning_AuroraLeigh.txt,50,200,0.66,1,5.333660689688186,,,,
poetry,ElizabethBrowning_AuroraLeigh.txt,50,500,0.6,1,5.333660689688186,,,,
poetry,ElizabethBrowning_AuroraLeigh.txt,50,10,0.84,2,5.171663380285988,3.245074985120714,3.234123216838584,9.469029054730134,26.47
poetry,ElizabethBrowning_AuroraLeigh.txt,50,50,0.78,2,5.171663380285988,5.171663380285988,5.171663380285988,40.0,
poetry,ElizabethBrowning_AuroraLeigh.txt,50,100,0.72,2,5.171663380285988,,,,
poetry,ElizabethBrowning_AuroraLeigh.txt,50,200,0.66,2,5.171663380285988,,,,
poetry,ElizabethBrowning_AuroraLeigh.txt,50,500,0.6,2,5.171663380285988,,,,
poetry,ElizabethBrowning_AuroraLeigh.txt,50,10,0.84,3,5.2385629396449165,3.229245168058097,3.234123216838584,9.577551020408173,41.11111111111111
poetry,ElizabethBrowning_AuroraLeigh.txt,50,50,0.78,3,5.2385629396449165,5.2385629396449165,5.2385629396449165,41.0,
poetry,ElizabethBrowning_AuroraLeigh.txt,50,100,0.72,3,5.2385629396449165,,,,
poetry,ElizabethBrowning_AuroraLeigh.txt,50,200,0.66,3,5.2385629396449165,,,,
poetry,ElizabethBrowning_AuroraLeigh.txt,50,500,0.6,3,5.2385629396449165,,,,
poetry,ElizabethBrowning_AuroraLeigh.txt,50,10,0.84,4,5.228758439731455,3.2633915095215116,3.2536354119605364,9.552149370386463,67.52000000000007
poetry,ElizabethBrowning_AuroraLeigh.txt,50,50,0.78,4,5.228758439731455,5.228758439731455,5.228758439731455,41.0,
poetry,ElizabethBrowning_AuroraLeigh.txt,50,100,0.72,4,5.228758439731455,,,,
poetry,ElizabethBrowning_AuroraLeigh.txt,50,200,0.66,4,5.228758439731455,,,,
poetry,ElizabethBrowning_AuroraLeigh.txt,50,500,0.6,4,5.228758439731455,,,,
poetry,ElizabethBrowning_AuroraLeigh.txt,50,10,0.84,5,5.0936606896881855,3.1487096802321113,3.1206370582703395,9.338043006286703,35.20333333333334
poetry,ElizabethBrowning_AuroraLeigh.txt,50,50,0.78,5,5.0936606896881855,5.0936606896881855,5.0936606896881855,39.0,43.5
poetry,ElizabethBrowning_AuroraLeigh.txt,50,100,0.72,5,5.0936606896881855,,,,
poetry,ElizabethBrowning_AuroraLeigh.txt,50,200,0.66,5,5.0936606896881855,,,,
poetry,ElizabethBrowning_AuroraLeigh.txt,50,500,0.6,5,5.0936606896881855,,,,
poetry,ElizabethBrowning_AuroraLeigh.txt,50,10,0.84,6,5.363856189774724,3.2633915095215116,3.2829037046434624,9.742857142857162,
poetry,ElizabethBrowning_AuroraLeigh.txt,50,50,0.78,6,5.363856189774724,5.363856189774724,5.363856189774724,43.0,
poetry,ElizabethBrowning_AuroraLeigh.txt,50,100,0.72,6,5.363856189774724,,,,
poetry,ElizabethBrowning_AuroraLeigh.txt,50,200,0.66,6,5.363856189774724,,,,
poetry,ElizabethBrowning_AuroraLeigh.txt,50,500,0.6,6,5.363856189774724,,,,
poetry,ElizabethBrowning_AuroraLeigh.txt,50,10,0.84,7,5.363856189774724,3.2877817534239497,3.22436711927761,9.742857142857169,
poetry,ElizabethBrowning_AuroraLeigh.txt,50,50,0.78,7,5.363856189774724,5.363856189774724,5.363856189774724,43.0,
poetry,ElizabethBrowning_AuroraLeigh.txt,50,100,0.72,7,5.363856189774724,,,,
poetry,ElizabethBrowning_AuroraLeigh.txt,50,200,0.66,7,5.363856189774724,,,,
poetry,ElizabethBrowning_AuroraLeigh.txt,50,500,0.6,7,5.363856189774724,,,,
poetry,ElizabethBrowning_AuroraLeigh.txt,50,10,0.84,8,5.403856189774724,3.2731476070824868,3.3219280948873653,9.779591836734713,
poetry,ElizabethBrowning_AuroraLeigh.txt,50,50,0.78,8,5.403856189774724,5.403856189774724,5.403856189774724,44.0,
poetry,ElizabethBrowning_AuroraLeigh.txt,50,100,0.72,8,5.403856189774724,,,,
poetry,ElizabethBrowning_AuroraLeigh.txt,50,200,0.66,8,5.403856189774724,,,,
poetry,ElizabethBrowning_AuroraLeigh.txt,50,500,0.6,8,5.403856189774724,,,,
poetry,ElizabethBrowning_AuroraLeigh.txt,50,10,0.84,9,5.333660689688186,3.2633915095215116,3.2877817534239506,9.681632653061236,
poetry,ElizabethBrowning_AuroraLeigh.txt,50,50,0.78,9,5.333660689688186,5.333660689688186,5.333660689688186,43.0,
poetry,ElizabethBrowning_AuroraLeigh.txt,50,100,0.72,9,5.333660689688186,,,,
poetry,ElizabethBrowning_AuroraLeigh.txt,50,200,0.66,9,5.333660689688186,,,,
poetry,ElizabethBrowning_AuroraLeigh.txt,50,500,0.6,9,5.333660689688186,,,,
poetry,ElizabethBrowning_AuroraLeigh.txt,63,10,0.84,0,5.54061682819314,3.262668835628106,3.229335502294772,9.660421545667425,27.5
poetry,ElizabethBrowning_AuroraLeigh.txt,63,50,0.78,0,5.54061682819314,5.291237493293613,5.222666064722183,41.578529878371114,
poetry,ElizabethBrowning_AuroraLeigh.txt,63,100,0.72,0,5.54061682819314,,,,
poetry,ElizabethBrowning_AuroraLeigh.txt,63,200,0.66,0,5.54061682819314,,,,
poetry,ElizabethBrowning_AuroraLeigh.txt,63,500,0.6,0,5.54061682819314,,,,
poetry,ElizabethBrowning_AuroraLeigh.txt,63,10,0.84,1,5.691565637785631,3.2663725393318095,3.166372539331809,9.79262672811057,
poetry,ElizabethBrowning_AuroraLeigh.txt,63,50,0.78,1,5.691565637785631,5.418141904060437,5.346713332631866,44.35483870967728,
poetry,ElizabethBrowning_AuroraLeigh.txt,63,100,0.72,1,5.691565637785631,,,,
poetry,ElizabethBrowning_AuroraLeigh.txt,63,200,0.66,1,5.691565637785631,,,,
poetry,ElizabethBrowning_AuroraLeigh.txt,63,500,0.6,1,5.691565637785631,,,,
poetry,ElizabethBrowning_AuroraLeigh.txt,63,10,0.84,2,5.5603805186349895,3.244150317109587,3.281187354146625,9.663443378408985,54.85333333333332
poetry,ElizabethBrowning_AuroraLeigh.txt,63,50,0.78,2,5.5603805186349895,5.294038778983173,5.320509243287431,42.072095892825544,
poetry,ElizabethBrowning_AuroraLeigh.txt,63,100,0.72,2,5.5603805186349895,,,,
poetry,ElizabethBrowning_AuroraLeigh.txt,63,200,0.66,2,5.5603805186349895,,,,
poetry,ElizabethBrowning_AuroraLeigh.txt,63,500,0.6,2,5.5603805186349895,,,,
poetry,ElizabethBrowning_AuroraLeigh.txt,63,10,0.84,3,5.635854923431236,3.233039205998475,3.2811873541466245,9.729545969630557,
poetry,ElizabethBrowning_AuroraLeigh.txt,63,50,0.78,3,5.635854923431236,5.375929225458104,5.360565100455012,43.46025030847863,
poetry,ElizabethBrowning_AuroraLeigh.txt,63,100,0.72,3,5.635854923431236,,,,
poetry,ElizabethBrowning_AuroraLeigh.txt,63,200,0.66,3,5.635854923431236,,,,
poetry,ElizabethBrowning_AuroraLeigh.txt,63,500,0.6,3,5.635854923431236,,,,
poetry,ElizabethBrowning_AuroraLeigh.txt,63,10,0.84,4,5.5723628599391715,3.2441503171095865,3.270076243035515,9.649114854826095,75.33333333333336
poetry,ElizabethBrowning_AuroraLeigh.txt,63,50,0.78,4,5.5723628599391715,5.308702582563873,5.308380350436468,42.53892708149702,
poetry,ElizabethBrowning_AuroraLeigh.txt,63,100,0.72,4,5.5723628599391715,,,,
poetry,ElizabethBrowning_AuroraLeigh.txt,63,200,0.66,4,5.5723628599391715,,,,
poetry,ElizabethBrowning_AuroraLeigh.txt,63,500,0.6,4,5.5723628599391715,,,,
poetry,ElizabethBrowning_AuroraLeigh.txt,63,10,0.84,5,5.3443544793582145,3.1992157569123814,3.2371606180154826,9.349546558043151,25.375999999999998
poetry,ElizabethBrowning_AuroraLeigh.txt,63,50,0.78,5,5.3443544793582145,5.11102596780462,5.058275501850795,39.372517922606335,50.75999999999999
poetry,ElizabethBrowning_AuroraLeigh.txt,63,100,0.72,5,5.3443544793582145,,,,
poetry,ElizabethBrowning_AuroraLeigh.txt,63,200,0.66,5,5.3443544793582145,,,,
poetry,ElizabethBrowning_AuroraLeigh.txt,63,500,0.6,5,5.3443544793582145,,,,
poetry,ElizabethBrowning_AuroraLeigh.txt,63,10,0.84,6,5.635854923431236,3.253863488401877,3.2737799467392175,9.729545969630557,
poetry,ElizabethBrowning_AuroraLeigh.txt,63,50,0.78,6,5.635854923431236,5.389514618321428,5.403744475439559,43.46025030847863,
poetry,ElizabethBrowning_AuroraLeigh.txt,63,100,0.72,6,5.635854923431236,,,,
poetry,ElizabethBrowning_AuroraLeigh.txt,63,200,0.66,6,5.635854923431236,,,,
poetry,ElizabethBrowning_AuroraLeigh.txt,63,500,0.6,6,5.635854923431236,,,,
poetry,ElizabethBrowning_AuroraLeigh.txt,63,10,0.84,7,5.5150669793925555,3.232549090245716,3.251557724516993,9.573705616298067,44.0
poetry,ElizabethBrowning_AuroraLeigh.txt,63,50,0.78,7,5.5150669793925555,5.248039163354286,5.206035902361419,41.74629352438588,
poetry,ElizabethBrowning_AuroraLeigh.txt,63,100,0.72,7,5.5150669793925555,,,,
poetry,ElizabethBrowning_AuroraLeigh.txt,63,200,0.66,7,5.5150669793925555,,,,
poetry,ElizabethBrowning_AuroraLeigh.txt,63,500,0.6,7,5.5150669793925555,,,,
poetry,ElizabethBrowning_AuroraLeigh.txt,63,10,0.84,8,5.7310930186693305,3.2848910578503276,3.288594761554032,9.798670393593689,
poetry,ElizabethBrowning_AuroraLeigh.txt,63,50,0.78,8,5.7310930186693305,5.441965743299792,5.446657475464284,45.34197073858614,
poetry,ElizabethBrowning_AuroraLeigh.txt,63,100,0.72,8,5.7310930186693305,,,,
poetry,ElizabethBrowning_AuroraLeigh.txt,63,200,0.66,8,5.7310930186693305,,,,
poetry,ElizabethBrowning_AuroraLeigh.txt,63,500,0.6,8,5.7310930186693305,,,,
poetry,ElizabethBrowning_AuroraLeigh.txt,63,10,0.84,9,5.494639098792509,3.164902192073527,3.2265396226571275,9.475058491888525,57.14000000000005
poetry,ElizabethBrowning_AuroraLeigh.txt,63,50,0.78,9,5.494639098792509,5.17330281512263,5.258333466897899,42.174566497127636,
poetry,ElizabethBrowning_AuroraLeigh.txt,63,100,0.72,9,5.494639098792509,,,,
poetry,ElizabethBrowning_AuroraLeigh.txt,63,200,0.66,9,5.494639098792509,,,,
poetry,ElizabethBrowning_AuroraLeigh.txt,63,500,0.6,9,5.494639098792509,,,,
poetry,ElizabethBrowning_AuroraLeigh.txt,78,10,0.84,0,5.846111673907243,3.2530733485042815,3.246565776046783,9.696209054103868,51.36000000000001
poetry,ElizabethBrowning_AuroraLeigh.txt,78,50,0.78,0,5.846111673907243,5.341131784541137,5.324999043194651,43.07557354925782,
poetry,ElizabethBrowning_AuroraLeigh.txt,78,100,0.72,0,5.846111673907243,,,,
poetry,ElizabethBrowning_AuroraLeigh.txt,78,200,0.66,0,5.846111673907243,,,,
poetry,ElizabethBrowning_AuroraLeigh.txt,78,500,0.6,0,5.846111673907243,,,,
poetry,ElizabethBrowning_AuroraLeigh.txt,78,10,0.84,1,5.701943564960621,3.1860231129876277,3.229174471698958,9.458619538026994,49.81
poetry,ElizabethBrowning_AuroraLeigh.txt,78,50,0.78,1,5.701943564960621,5.241924657953299,5.211804263442464,41.54507661736768,
poetry,ElizabethBrowning_AuroraLeigh.txt,78,100,0.72,1,5.701943564960621,,,,
poetry,ElizabethBrowning_AuroraLeigh.txt,78,200,0.66,1,5.701943564960621,,,,
poetry,ElizabethBrowning_AuroraLeigh.txt,78,500,0.6,1,5.701943564960621,,,,
poetry,ElizabethBrowning_AuroraLeigh.txt,78,10,0.84,2,5.713233110104675,3.22627592097432,3.246565776046784,9.586793576267324,34.373333333333335
poetry,ElizabethBrowning_AuroraLeigh.txt,78,50,0.78,2,5.713233110104675,5.290411295638952,5.317372388004332,41.07018207018212,43.696
poetry,ElizabethBrowning_AuroraLeigh.txt,78,100,0.72,2,5.713233110104675,,,,
poetry,ElizabethBrowning_AuroraLeigh.txt,78,200,0.66,2,5.713233110104675,,,,
poetry,ElizabethBrowning_AuroraLeigh.txt,78,500,0.6,2,5.713233110104675,,,,
poetry,ElizabethBrowning_AuroraLeigh.txt,78,10,0.84,3,5.717906545702116,3.239674634739302,3.209921989792952,9.533821263597833,48.26533333333334
poetry,ElizabethBrowning_AuroraLeigh.txt,78,50,0.78,3,5.717906545702116,5.226702470504508,5.141011367452184,41.39762537455406,
poetry,ElizabethBrowning_AuroraLeigh.txt,78,100,0.72,3,5.717906545702116,,,,
poetry,ElizabethBrowning_AuroraLeigh.txt,78,200,0.66,3,5.717906545702116,,,,
poetry,ElizabethBrowning_AuroraLeigh.txt,78,500,0.6,3,5.717906545702116,,,,
poetry,ElizabethBrowning_AuroraLeigh.txt,78,10,0.84,4,5.886435353749893,3.2454717361885765,3.2987396890902634,9.679711184974437,
poetry,ElizabethBrowning_AuroraLeigh.txt,78,50,0.78,4,5.886435353749893,5.340317866657299,5.3809762242037715,43.87155613471406,
poetry,ElizabethBrowning_AuroraLeigh.txt,78,100,0.72,4,5.886435353749893,,,,
poetry,ElizabethBrowning_AuroraLeigh.txt,78,200,0.66,4,5.886435353749893,,,,
poetry,ElizabethBrowning_AuroraLeigh.txt,78,500,0.6,4,5.886435353749893,,,,
poetry,ElizabethBrowning_AuroraLeigh.txt,78,10,0.84,5,5.738874135745702,3.234971573148233,3.281348384742437,9.601778591252337,53.360000000000014
poetry,ElizabethBrowning_AuroraLeigh.txt,78,50,0.78,5,5.738874135745702,5.26200829767686,5.279738991431721,41.47810747810753,74.0
poetry,ElizabethBrowning_AuroraLeigh.txt,78,100,0.72,5,5.738874135745702,,,,
poetry,ElizabethBrowning_AuroraLeigh.txt,78,200,0.66,5,5.738874135745702,,,,
poetry,ElizabethBrowning_AuroraLeigh.txt,78,500,0.6,5,5.738874135745702,,,,
poetry,ElizabethBrowning_AuroraLeigh.txt,78,10,0.84,6,5.520674776660395,3.16611682676515,3.2269863919825426,9.279444609162265,33.0
poetry,ElizabethBrowning_AuroraLeigh.txt,78,50,0.78,6,5.520674776660395,5.062600891207513,5.110617070950059,39.04904249074975,52.0
poetry,ElizabethBrowning_AuroraLeigh.txt,78,100,0.72,6,5.520674776660395,,,,
poetry,ElizabethBrowning_AuroraLeigh.txt,78,200,0.66,6,5.520674776660395,,,,
poetry,ElizabethBrowning_AuroraLeigh.txt,78,500,0.6,6,5.520674776660395,,,,
poetry,ElizabethBrowning_AuroraLeigh.txt,78,10,0.84,7,5.7229111550042076,3.226986391982542,3.2610585296699734,9.576393450077724,56.68333333333335
poetry,ElizabethBrowning_AuroraLeigh.txt,78,50,0.78,7,5.7229111550042076,5.256559929035556,5.197650265663769,41.27371537897859,69.5
poetry,ElizabethBrowning_AuroraLeigh.txt,78,100,0.72,7,5.7229111550042076,,,,
poetry,ElizabethBrowning_AuroraLeigh.txt,78,200,0.66,7,5.7229111550042076,,,,
poetry,ElizabethBrowning_AuroraLeigh.txt,78,500,0.6,7,5.7229111550042076,,,,
poetry,ElizabethBrowning_AuroraLeigh.txt,78,10,0.84,8,5.968031866270409,3.2813483847424383,3.2813483847424396,9.782964404017115,
poetry,ElizabethBrowning_AuroraLeigh.txt,78,50,0.78,8,5.968031866270409,5.423450689747866,5.502591991473496,45.00785179732554,
poetry,ElizabethBrowning_AuroraLeigh.txt,78,100,0.72,8,5.968031866270409,,,,
poetry,ElizabethBrowning_AuroraLeigh.txt,78,200,0.66,8,5.968031866270409,,,,
poetry,ElizabethBrowning_AuroraLeigh.txt,78,500,0.6,8,5.968031866270409,,,,
poetry,ElizabethBrowning_AuroraLeigh.txt,78,10,0.84,9,5.560667282798392,3.2153921890839903,3.230978982565388,9.442481024889151,33.392
poetry,ElizabethBrowning_AuroraLeigh.txt,78,50,0.78,9,5.560667282798392,5.1441860977515805,4.910737312837095,38.853888409764444,65.27749999999997
poetry,ElizabethBrowning_AuroraLeigh.txt,78,100,0.72,9,5.560667282798392,,,,70.08
poetry,ElizabethBrowning_AuroraLeigh.txt,78,200,0.66,9,5.560667282798392,,,,
poetry,ElizabethBrowning_AuroraLeigh.txt,78,500,0.6,9,5.560667282798392,,,,
poetry,ElizabethBrowning_AuroraLeigh.txt,96,10,0.84,0,5.9574746782469115,3.212710221314198,3.2575602787954105,9.598487005052505,46.16571428571429
poetry,ElizabethBrowning_AuroraLeigh.txt,96,50,0.78,0,5.9574746782469115,5.2860251724963225,5.32129915249189,41.596184932991406,85.0
poetry,ElizabethBrowning_AuroraLeigh.txt,96,100,0.72,0,5.9574746782469115,,,,
poetry,ElizabethBrowning_AuroraLeigh.txt,96,200,0.66,0,5.9574746782469115,,,,
poetry,ElizabethBrowning_AuroraLeigh.txt,96,500,0.6,0,5.9574746782469115,,,,
poetry,ElizabethBrowning_AuroraLeigh.txt,96,10,0.84,1,6.264599089240287,3.2957730517814317,3.28284763511725,9.82650453346818,
poetry,ElizabethBrowning_AuroraLeigh.txt,96,50,0.78,1,6.264599089240287,5.4699972855065155,5.508808354647168,45.78103739960741,
poetry,ElizabethBrowning_AuroraLeigh.txt,96,100,0.72,1,6.264599089240287,,,,
poetry,ElizabethBrowning_AuroraLeigh.txt,96,200,0.66,1,6.264599089240287,,,,
poetry,ElizabethBrowning_AuroraLeigh.txt,96,500,0.6,1,6.264599089240287,,,,
poetry,ElizabethBrowning_AuroraLeigh.txt,96,10,0.84,2,5.572894630970412,3.1862959109793176,3.132250451199255,9.339910058235713,21.69037037037037
poetry,ElizabethBrowning_AuroraLeigh.txt,96,50,0.78,2,5.572894630970412,5.034608337572567,4.924194356342604,36.416428913144046,24.996666666666666
poetry,ElizabethBrowning_AuroraLeigh.txt,96,100,0.72,2,5.572894630970412,,,,37.75555555555555
poetry,ElizabethBrowning_AuroraLeigh.txt,96,200,0.66,2,5.572894630970412,,,,53.93646153846154
poetry,ElizabethBrowning_AuroraLeigh.txt,96,500,0.6,2,5.572894630970412,,,,
poetry,ElizabethBrowning_AuroraLeigh.txt,96,10,0.84,3,5.978038932945214,3.252962577645985,3.1980494310818273,9.5650952006402,42.25
poetry,ElizabethBrowning_AuroraLeigh.txt,96,50,0.78,3,5.978038932945214,5.257983172069204,5.246702406753725,42.08083797929774,85.0
poetry,ElizabethBrowning_AuroraLeigh.txt,96,100,0.72,3,5.978038932945214,,,,
poetry,ElizabethBrowning_AuroraLeigh.txt,96,200,0.66,3,5.978038932945214,,,,
poetry,ElizabethBrowning_AuroraLeigh.txt,96,500,0.6,3,5.978038932945214,,,,
poetry,ElizabethBrowning_AuroraLeigh.txt,96,10,0.84,4,5.877938511336498,3.222209833390625,3.167296686826464,9.582988264654588,28.577142857142857
poetry,ElizabethBrowning_AuroraLeigh.txt,96,50,0.78,4,5.877938511336498,5.214461811053234,5.1777739556769315,40.60994111909844,30.999285714285712
poetry,ElizabethBrowning_AuroraLeigh.txt,96,100,0.72,4,5.877938511336498,,,,51.97956521739131
poetry,ElizabethBrowning_AuroraLeigh.txt,96,200,0.66,4,5.877938511336498,,,,
poetry,ElizabethBrowning_AuroraLeigh.txt,96,500,0.6,4,5.877938511336498,,,,
poetry,ElizabethBrowning_AuroraLeigh.txt,96,10,0.84,5,6.007004756394448,3.2279344885530916,3.227675221324146,9.643692997900091,50.05500000000001
poetry,ElizabethBrowning_AuroraLeigh.txt,96,50,0.78,5,6.007004756394448,5.295473639327677,5.374131663159644,42.32282297198044,69.55999999999999
poetry,ElizabethBrowning_AuroraLeigh.txt,96,100,0.72,5,6.007004756394448,,,,
poetry,ElizabethBrowning_AuroraLeigh.txt,96,200,0.66,5,6.007004756394448,,,,
poetry,ElizabethBrowning_AuroraLeigh.txt,96,500,0.6,5,6.007004756394448,,,,
poetry,ElizabethBrowning_AuroraLeigh.txt,96,10,0.84,6,6.058615365169272,3.2474971897124636,3.236870623622996,9.702414387891451,44.04500000000001
poetry,ElizabethBrowning_AuroraLeigh.txt,96,50,0.78,6,6.058615365169272,5.349818109942378,5.33045224823841,42.97460309576278,87.0
poetry,ElizabethBrowning_AuroraLeigh.txt,96,100,0.72,6,6.058615365169272,,,,
poetry,ElizabethBrowning_AuroraLeigh.txt,96,200,0.66,6,6.058615365169272,,,,
poetry,ElizabethBrowning_AuroraLeigh.txt,96,500,0.6,6,6.058615365169272,,,,
poetry,ElizabethBrowning_AuroraLeigh.txt,96,10,0.84,7,5.804818198746353,3.18052631326822,3.1739339713216568,9.49856112567781,25.87
poetry,ElizabethBrowning_AuroraLeigh.txt,96,50,0.78,7,5.804818198746353,5.12764023528721,5.09992594483025,39.61300939575069,50.31439999999999
poetry,ElizabethBrowning_AuroraLeigh.txt,96,100,0.72,7,5.804818198746353,,,,68.08083333333333
poetry,ElizabethBrowning_AuroraLeigh.txt,96,200,0.66,7,5.804818198746353,,,,
poetry,ElizabethBrowning_AuroraLeigh.txt,96,500,0.6,7,5.804818198746353,,,,
poetry,ElizabethBrowning_AuroraLeigh.txt,96,10,0.84,8,6.044605178003164,3.2420318017789422,3.1669924770488906,9.678376228386869,32.78095238095238
poetry,ElizabethBrowning_AuroraLeigh.txt,96,50,0.78,8,6.044605178003164,5.326988858669297,5.255059672028899,42.81695896398516,68.41166666666666
poetry,ElizabethBrowning_AuroraLeigh.txt,96,100,0.72,8,6.044605178003164,,,,
poetry,ElizabethBrowning_AuroraLeigh.txt,96,200,0.66,8,6.044605178003164,,,,
poetry,ElizabethBrowning_AuroraLeigh.txt,96,500,0.6,8,6.044605178003164,,,,
poetry,ElizabethBrowning_AuroraLeigh.txt,96,10,0.84,9,5.96741862035507,3.2489283535030817,3.2253763707494336,9.608895477791592,39.376
poetry,ElizabethBrowning_AuroraLeigh.txt,96,50,0.78,9,5.96741862035507,5.270519401476005,5.224486482277283,41.77688253088773,65.10166666666666
poetry,ElizabethBrowning_AuroraLeigh.txt,96,100,0.72,9,5.96741862035507,,,,
poetry,ElizabethBrowning_AuroraLeigh.txt,96,200,0.66,9,5.96741862035507,,,,
poetry,ElizabethBrowning_AuroraLeigh.txt,96,500,0.6,9,5.96741862035507,,,,
poetry,ElizabethBrowning_AuroraLeigh.txt,119,10,0.84,0,6.327508729658137,3.2782917312510027,3.240109913069185,9.663489668101967,58.914
poetry,ElizabethBrowning_AuroraLeigh.txt,119,50,0.78,0,6.327508729658137,5.328630334119928,5.290173440382658,43.483288084407285,
poetry,ElizabethBrowning_AuroraLeigh.txt,119,100,0.72,0,6.327508729658137,6.126923131692733,6.05386908301369,80.61757952550128,
poetry,ElizabethBrowning_AuroraLeigh.txt,119,200,0.66,0,6.327508729658137,,,,
poetry,ElizabethBrowning_AuroraLeigh.txt,119,500,0.6,0,6.327508729658137,,,,
poetry,ElizabethBrowning_AuroraLeigh.txt,119,10,0.84,1,6.12243622550765,3.2453238562451023,3.2057695153320784,9.559391387592633,27.58577777777778
poetry,ElizabethBrowning_AuroraLeigh.txt,119,50,0.78,1,6.12243622550765,5.262526205227155,5.23141466133024,41.34833338472437,44.81666666666666
poetry,ElizabethBrowning_AuroraLeigh.txt,119,100,0.72,1,6.12243622550765,5.9740074805585905,6.038444946316964,72.74210542037416,62.274814814814825
poetry,ElizabethBrowning_AuroraLeigh.txt,119,200,0.66,1,6.12243622550765,,,,
poetry,ElizabethBrowning_AuroraLeigh.txt,119,500,0.6,1,6.12243622550765,,,,
poetry,ElizabethBrowning_AuroraLeigh.txt,119,10,0.84,2,5.89314297115975,3.1869014357846557,3.2364735494328185,9.301778622731225,27.973333333333333
poetry,ElizabethBrowning_AuroraLeigh.txt,119,50,0.78,2,5.89314297115975,5.07246728772562,5.076305038198082,38.775404383060554,41.693968253968244
poetry,ElizabethBrowning_AuroraLeigh.txt,119,100,0.72,2,5.89314297115975,5.742819078236514,5.804829667829743,68.14145000949456,68.40977272727272
poetry,ElizabethBrowning_AuroraLeigh.txt,119,200,0.66,2,5.89314297115975,,,,113.90422764227644
poetry,ElizabethBrowning_AuroraLeigh.txt,119,500,0.6,2,5.89314297115975,,,,
poetry,ElizabethBrowning_AuroraLeigh.txt,119,10,0.84,3,6.13512341041796,3.2648781971581267,3.2782917312510014,9.613633674586154,34.5
poetry,ElizabethBrowning_AuroraLeigh.txt,119,50,0.78,3,6.13512341041796,5.265836648909483,5.241360800427815,41.410340387465375,54.655
poetry,ElizabethBrowning_AuroraLeigh.txt,119,100,0.72,3,6.13512341041796,5.969327922106994,5.984514737272731,71.96726220830058,91.64820512820513
poetry,ElizabethBrowning_AuroraLeigh.txt,119,200,0.66,3,6.13512341041796,,,,
poetry,ElizabethBrowning_AuroraLeigh.txt,119,500,0.6,3,6.13512341041796,,,,
poetry,ElizabethBrowning_AuroraLeigh.txt,119,10,0.84,4,6.156026612376064,3.2357872880672174,3.151188515316341,9.528592099686009,41.48000000000001
poetry,ElizabethBrowning_AuroraLeigh.txt,119,50,0.78,4,6.156026612376064,5.234924417626987,5.215830421580264,41.474799698682865,55.75
poetry,ElizabethBrowning_AuroraLeigh.txt,119,100,0.72,4,6.156026612376064,5.9982898309533335,5.994292927609857,75.82633028097725,
poetry,ElizabethBrowning_AuroraLeigh.txt,119,200,0.66,4,6.156026612376064,,,,
poetry,ElizabethBrowning_AuroraLeigh.txt,119,500,0.6,4,6.156026612376064,,,,
poetry,ElizabethBrowning_AuroraLeigh.txt,119,10,0.84,5,6.191887170940342,3.234655367614639,3.233282844883433,9.607876694998396,37.94
poetry,ElizabethBrowning_AuroraLeigh.txt,119,50,0.78,5,6.191887170940342,5.298680825607303,5.320318486186605,41.90824125881944,81.53
poetry,ElizabethBrowning_AuroraLeigh.txt,119,100,0.72,5,6.191887170940342,6.046652965002318,6.023029063454498,75.31899039031298,
poetry,ElizabethBrowning_AuroraLeigh.txt,119,200,0.66,5,6.191887170940342,,,,
poetry,ElizabethBrowning_AuroraLeigh.txt,119,500,0.6,5,6.191887170940342,,,,
poetry,ElizabethBrowning_AuroraLeigh.txt,119,10,0.84,6,6.247811725831549,3.2601099130691837,3.2005555721561585,9.679135123748912,31.714285714285715
poetry,ElizabethBrowning_AuroraLeigh.txt,119,50,0.78,6,6.247811725831549,5.302701978156203,5.296940607574384,42.70721875046845,48.3338
poetry,ElizabethBrowning_AuroraLeigh.txt,119,100,0.72,6,6.247811725831549,6.06847560488532,6.143152997740595,75.85663696916878,
poetry,ElizabethBrowning_AuroraLeigh.txt,119,200,0.66,6,6.247811725831549,,,,
poetry,ElizabethBrowning_AuroraLeigh.txt,119,500,0.6,6,6.247811725831549,,,,
poetry,ElizabethBrowning_AuroraLeigh.txt,119,10,0.84,7,6.04874265164323,3.2057695153320767,3.2339691062490354,9.440852810345177,27.722962962962963
poetry,ElizabethBrowning_AuroraLeigh.txt,119,50,0.78,7,6.04874265164323,5.172395161737169,5.155215736126662,40.340118244017326,55.056
poetry,ElizabethBrowning_AuroraLeigh.txt,119,100,0.72,7,6.04874265164323,5.8981712121753525,5.870791962859842,72.55076017799976,84.34333333333333
poetry,ElizabethBrowning_AuroraLeigh.txt,119,200,0.66,7,6.04874265164323,,,,
poetry,ElizabethBrowning_AuroraLeigh.txt,119,500,0.6,7,6.04874265164323,,,,
poetry,ElizabethBrowning_AuroraLeigh.txt,119,10,0.84,8,6.5355329943822005,3.2841919357925233,3.309200822160095,9.82615624139352,
poetry,ElizabethBrowning_AuroraLeigh.txt,119,50,0.78,8,6.5355329943822005,5.4813857254704645,5.462850814740729,45.958190856255555,
poetry,ElizabethBrowning_AuroraLeigh.txt,119,100,0.72,8,6.5355329943822005,6.337400545989027,6.348910320993356,86.45476038727294,
poetry,ElizabethBrowning_AuroraLeigh.txt,119,200,0.66,8,6.5355329943822005,,,,
poetry,ElizabethBrowning_AuroraLeigh.txt,119,500,0.6,8,6.5355329943822005,,,,
poetry,ElizabethBrowning_AuroraLeigh.txt,119,10,0.84,9,6.131003872639195,3.239183049424954,3.2323559812392006,9.55047532161285,50.664
poetry,ElizabethBrowning_AuroraLeigh.txt,119,50,0.78,9,6.131003872639195,5.265372960640116,5.27393440809616,41.25500411505786,72.08316666666667
poetry,ElizabethBrowning_AuroraLeigh.txt,119,100,0.72,9,6.131003872639195,5.9677565331292515,5.987263425774174,73.77058348543235,114.5
poetry,ElizabethBrowning_AuroraLeigh.txt,119,200,0.66,9,6.131003872639195,,,,
poetry,ElizabethBrowning_AuroraLeigh.txt,119,500,0.6,9,6.131003872639195,,,,
poetry,ElizabethBrowning_AuroraLeigh.txt,147,10,0.84,0,6.680756188798991,3.287145486191716,3.208501047776511,9.768590820406542,53.85333333333333
poetry,ElizabethBrowning_AuroraLeigh.txt,147,50,0.78,0,6.680756188798991,5.412489335996877,5.345290333923356,44.95501289722403,
poetry,ElizabethBrowning_AuroraLeigh.txt,147,100,0.72,0,6.680756188798991,6.258366672040077,6.2077272286576894,83.66313344709131,
poetry,ElizabethBrowning_AuroraLeigh.txt,147,200,0.66,0,6.680756188798991,,,,
poetry,ElizabethBrowning_AuroraLeigh.txt,147,500,0.6,0,6.680756188798991,,,,
poetry,ElizabethBrowning_AuroraLeigh.txt,147,10,0.84,1,6.2205606752497085,3.20995032313883,3.215939209013097,9.44383416407329,29.479238095238095
poetry,ElizabethBrowning_AuroraLeigh.txt,147,50,0.78,1,6.2205606752497085,5.148053984404428,5.118530837669899,39.78635643627569,42.19755102040816
poetry,ElizabethBrowning_AuroraLeigh.txt,147,100,0.72,1,6.2205606752497085,5.874417462614666,5.820128331043054,71.71042128864788,76.65636363636364
poetry,ElizabethBrowning_AuroraLeigh.txt,147,200,0.66,1,6.2205606752497085,,,,
poetry,ElizabethBrowning_AuroraLeigh.txt,147,500,0.6,1,6.2205606752497085,,,,
poetry,ElizabethBrowning_AuroraLeigh.txt,147,10,0.84,2,6.318278552641547,3.2333305133609236,3.2712034572062088,9.563037472844345,35.510000000000005
poetry,ElizabethBrowning_AuroraLeigh.txt,147,50,0.78,2,6.318278552641547,5.246693540662136,5.21267702671903,41.101469719764,61.114666666666665
poetry,ElizabethBrowning_AuroraLeigh.txt,147,100,0.72,2,6.318278552641547,5.969896244820987,5.959261505166075,73.21336392218484,89.16266666666668
poetry,ElizabethBrowning_AuroraLeigh.txt,147,200,0.66,2,6.318278552641547,,,,
poetry,ElizabethBrowning_AuroraLeigh.txt,147,500,0.6,2,6.318278552641547,,,,
poetry,ElizabethBrowning_AuroraLeigh.txt,147,10,0.84,3,6.467543712572544,3.263957080394613,3.2770005586554842,9.64065924040307,54.66285714285713
poetry,ElizabethBrowning_AuroraLeigh.txt,147,50,0.78,3,6.467543712572544,5.296376004602978,5.311974860885486,42.73807421345064,85.2245238095238
poetry,ElizabethBrowning_AuroraLeigh.txt,147,100,0.72,3,6.467543712572544,6.065988960091974,6.102764015226891,77.64386895644,
poetry,ElizabethBrowning_AuroraLeigh.txt,147,200,0.66,3,6.467543712572544,,,,
poetry,ElizabethBrowning_AuroraLeigh.txt,147,500,0.6,3,6.467543712572544,,,,
poetry,ElizabethBrowning_AuroraLeigh.txt,147,10,0.84,4,6.248037546115747,3.2483702869132167,3.217196699950423,9.536349081078916,38.857142857142854
poetry,ElizabethBrowning_AuroraLeigh.txt,147,50,0.78,4,6.248037546115747,5.193596682543982,5.291980119417887,40.525276541662784,59.18888888888888
poetry,ElizabethBrowning_AuroraLeigh.txt,147,100,0.72,4,6.248037546115747,5.912810523405503,5.978356889092455,70.91872548365423,82.75411764705883
poetry,ElizabethBrowning_AuroraLeigh.txt,147,200,0.66,4,6.248037546115747,,,,141.0
poetry,ElizabethBrowning_AuroraLeigh.txt,147,500,0.6,4,6.248037546115747,,,,
poetry,ElizabethBrowning_AuroraLeigh.txt,147,10,0.84,5,6.3738213896237275,3.238772379306089,3.228080431840752,9.632732487960558,36.23272727272729
poetry,ElizabethBrowning_AuroraLeigh.txt,147,50,0.78,5,6.3738213896237275,5.274067126074438,5.1920594967138225,41.987249545812766,66.15928571428574
poetry,ElizabethBrowning_AuroraLeigh.txt,147,100,0.72,5,6.3738213896237275,5.998019669537098,5.946577200651266,74.02489457761713,82.81500000000001
poetry,ElizabethBrowning_AuroraLeigh.txt,147,200,0.66,5,6.3738213896237275,,,,
poetry,ElizabethBrowning_AuroraLeigh.txt,147,500,0.6,5,6.3738213896237275,,,,
poetry,ElizabethBrowning_AuroraLeigh.txt,147,10,0.84,6,6.4287654568605,3.2550696437957063,3.231689453573613,9.624327039427365,35.471111111111114
poetry,ElizabethBrowning_AuroraLeigh.txt,147,50,0.78,6,6.4287654568605,5.320204830295711,5.226610207107866,42.34300924956987,59.151250000000005
poetry,ElizabethBrowning_AuroraLeigh.txt,147,100,0.72,6,6.4287654568605,6.043863264867814,6.026547782751531,76.3308885723228,105.93955555555556
poetry,ElizabethBrowning_AuroraLeigh.txt,147,200,0.66,6,6.4287654568605,,,,
poetry,ElizabethBrowning_AuroraLeigh.txt,147,500,0.6,6,6.4287654568605,,,,
poetry,ElizabethBrowning_AuroraLeigh.txt,147,10,0.84,7,6.376980528716993,3.2309789825653894,3.2132041093675783,9.599622762208048,36.53
poetry,ElizabethBrowning_AuroraLeigh.txt,147,50,0.78,7,6.376980528716993,5.2887307856984584,5.256631260547254,41.8247470286627,54.68333333333333
poetry,ElizabethBrowning_AuroraLeigh.txt,147,100,0.72,7,6.376980528716993,6.0099929793261895,5.991012965483275,74.81735564535882,99.44
poetry,ElizabethBrowning_AuroraLeigh.txt,147,200,0.66,7,6.376980528716993,,,,
poetry,ElizabethBrowning_AuroraLeigh.txt,147,500,0.6,7,6.376980528716993,,,,
poetry,ElizabethBrowning_AuroraLeigh.txt,147,10,0.84,8,6.345646495405521,3.241670930030726,3.256163683653915,9.603351519251165,44.166666666666664
poetry,ElizabethBrowning_AuroraLeigh.txt,147,50,0.78,8,6.345646495405521,5.259760327131481,5.334196526479397,41.58535251465028,63.57959999999999
poetry,ElizabethBrowning_AuroraLeigh.txt,147,100,0.72,8,6.345646495405521,5.994428390853456,6.040758685001123,73.45970562631199,68.5
poetry,ElizabethBrowning_AuroraLeigh.txt,147,200,0.66,8,6.345646495405521,,,,
poetry,ElizabethBrowning_AuroraLeigh.txt,147,500,0.6,8,6.345646495405521,,,,
poetry,ElizabethBrowning_AuroraLeigh.txt,147,10,0.84,9,6.591617392555724,3.2730079680726374,3.2509136021337453,9.709292455833518,62.07022222222223
poetry,ElizabethBrowning_AuroraLeigh.txt,147,50,0.78,9,6.591617392555724,5.35837093172513,5.3382081871852956,44.02221346861277,118.49611111111112
poetry,ElizabethBrowning_AuroraLeigh.txt,147,100,0.72,9,6.591617392555724,6.195120378223383,6.159566323424229,81.31943462603164,
poetry,ElizabethBrowning_AuroraLeigh.txt,147,200,0.66,9,6.591617392555724,,,,
poetry,ElizabethBrowning_AuroraLeigh.txt,147,500,0.6,9,6.591617392555724,,,,
poetry,ElizabethBrowning_AuroraLeigh.txt,182,10,0.84,0,6.561213508903852,3.235069908467428,3.182740818864545,9.602099922761433,35.55636363636364
poetry,ElizabethBrowning_AuroraLeigh.txt,182,50,0.78,0,6.561213508903852,5.261430137371859,5.176565602605975,41.778441615875536,52.291999999999994
poetry,ElizabethBrowning_AuroraLeigh.txt,182,100,0.72,0,6.561213508903852,6.016217941677111,6.004443181078747,74.59138833216494,89.42636363636365
poetry,ElizabethBrowning_AuroraLeigh.txt,182,200,0.66,0,6.561213508903852,,,,176.61333333333337
poetry,ElizabethBrowning_AuroraLeigh.txt,182,500,0.6,0,6.561213508903852,,,,
poetry,ElizabethBrowning_AuroraLeigh.txt,182,10,0.84,1,6.5759509716748274,3.2418533405446013,3.2094833983480715,9.584598276137903,30.636363636363637
poetry,ElizabethBrowning_AuroraLeigh.txt,182,50,0.78,1,6.5759509716748274,5.245984460844047,5.269862619741157,41.78258217315611,65.92895833333334
poetry,ElizabethBrowning_AuroraLeigh.txt,182,100,0.72,1,6.5759509716748274,5.99592367044606,6.011431559276166,75.26568528209951,77.67733333333334
poetry,ElizabethBrowning_AuroraLeigh.txt,182,200,0.66,1,6.5759509716748274,,,,
poetry,ElizabethBrowning_AuroraLeigh.txt,182,500,0.6,1,6.5759509716748274,,,,
poetry,ElizabethBrowning_AuroraLeigh.txt,182,10,0.84,2,6.7842200002442405,3.2636882755219525,3.259500349222623,9.751801671815777,53.15809523809524
poetry,ElizabethBrowning_AuroraLeigh.txt,182,50,0.78,2,6.7842200002442405,5.40116822832684,5.315930806269228,44.21440806816173,100.72055555555556
poetry,ElizabethBrowning_AuroraLeigh.txt,182,100,0.72,2,6.7842200002442405,6.197742769210014,6.115695915889864,80.09489038301444,131.64
poetry,ElizabethBrowning_AuroraLeigh.txt,182,200,0.66,2,6.7842200002442405,,,,
poetry,ElizabethBrowning_AuroraLeigh.txt,182,500,0.6,2,6.7842200002442405,,,,
poetry,ElizabethBrowning_AuroraLeigh.txt,182,10,0.84,3,6.711459733567439,3.2586276469079847,3.253283651244496,9.698542331142178,63.33206349206348
poetry,ElizabethBrowning_AuroraLeigh.txt,182,50,0.78,3,6.711459733567439,5.3567279403608445,5.2986672603775125,43.38736399265077,99.33411764705882
poetry,ElizabethBrowning_AuroraLeigh.txt,182,100,0.72,3,6.711459733567439,6.141340995323458,6.069831080945812,78.29927362107894,138.1016666666667
poetry,ElizabethBrowning_AuroraLeigh.txt,182,200,0.66,3,6.711459733567439,,,,
poetry,ElizabethBrowning_AuroraLeigh.txt,182,500,0.6,3,6.711459733567439,,,,
poetry,ElizabethBrowning_AuroraLeigh.txt,182,10,0.84,4,6.649124689787514,3.2579079287011417,3.1909636873554046,9.689242680536466,43.40333333333333
poetry,ElizabethBrowning_AuroraLeigh.txt,182,50,0.78,4,6.649124689787514,5.349626776199247,5.197476051314618,42.89144096391274,55.55739495798319
poetry,ElizabethBrowning_AuroraLeigh.txt,182,100,0.72,4,6.649124689787514,6.098446125591055,5.972251225913157,76.30928879713849,110.28091503267976
poetry,ElizabethBrowning_AuroraLeigh.txt,182,200,0.66,4,6.649124689787514,,,,
poetry,ElizabethBrowning_AuroraLeigh.txt,182,500,0.6,4,6.649124689787514,,,,
poetry,ElizabethBrowning_AuroraLeigh.txt,182,10,0.84,5,6.767548583780743,3.2457578997944063,3.246783586216843,9.661239997569574,48.15722222222222
poetry,ElizabethBrowning_AuroraLeigh.txt,182,50,0.78,5,6.767548583780743,5.32850398306389,5.335083463094463,43.50611651854511,94.74637931034484
poetry,ElizabethBrowning_AuroraLeigh.txt,182,100,0.72,5,6.767548583780743,6.141676305963475,6.128566025737195,80.61345698022794,
poetry,ElizabethBrowning_AuroraLeigh.txt,182,200,0.66,5,6.767548583780743,,,,
poetry,ElizabethBrowning_AuroraLeigh.txt,182,500,0.6,5,6.767548583780743,,,,
poetry,ElizabethBrowning_AuroraLeigh.txt,182,10,0.84,6,6.714280132369512,3.2528473000871747,3.1960243159693715,9.657434539185083,36.980444444444444
poetry,ElizabethBrowning_AuroraLeigh.txt,182,50,0.78,6,6.714280132369512,5.313639348969025,5.245180579214564,43.03865879946032,83.32368627450981
poetry,ElizabethBrowning_AuroraLeigh.txt,182,100,0.72,6,6.714280132369512,6.105666453701891,6.010764450638407,78.78375909652952,177.5
poetry,ElizabethBrowning_AuroraLeigh.txt,182,200,0.66,6,6.714280132369512,,,,
poetry,ElizabethBrowning_AuroraLeigh.txt,182,500,0.6,6,6.714280132369512,,,,
poetry,ElizabethBrowning_AuroraLeigh.txt,182,10,0.84,7,6.656641533492188,3.2428564258009644,3.2433153781243567,9.667287802999027,48.142857142857146
poetry,ElizabethBrowning_AuroraLeigh.txt,182,50,0.78,7,6.656641533492188,5.3148118013500865,5.345705242359459,42.77143004949978,91.95203703703703
poetry,ElizabethBrowning_AuroraLeigh.txt,182,100,0.72,7,6.656641533492188,6.097290195263728,6.1003765395143645,76.81030116881233,132.1851851851852
poetry,ElizabethBrowning_AuroraLeigh.txt,182,200,0.66,7,6.656641533492188,,,,
poetry,ElizabethBrowning_AuroraLeigh.txt,182,500,0.6,7,6.656641533492188,,,,
poetry,ElizabethBrowning_AuroraLeigh.txt,182,10,0.84,8,6.640518828402921,3.247066953266367,3.2814656671416977,9.619927859678818,43.00503703703704
poetry,ElizabethBrowning_AuroraLeigh.txt,182,50,0.78,8,6.640518828402921,5.308692492284478,5.264391127517982,42.43860798868696,70.02666666666666
poetry,ElizabethBrowning_AuroraLeigh.txt,182,100,0.72,8,6.640518828402921,6.0538998986488615,6.0079087487152085,76.97437912677033,112.39083333333332
poetry,ElizabethBrowning_AuroraLeigh.txt,182,200,0.66,8,6.640518828402921,,,,
poetry,ElizabethBrowning_AuroraLeigh.txt,182,500,0.6,8,6.640518828402921,,,,
poetry,ElizabethBrowning_AuroraLeigh.txt,182,10,0.84,9,6.786364832802279,3.2678762018212804,3.275685320320889,9.737753378383871,73.27555555555556
poetry,ElizabethBrowning_AuroraLeigh.txt,182,50,0.78,9,6.786364832802279,5.368834355334902,5.393933691001618,44.08016906301171,112.02775
poetry,ElizabethBrowning_AuroraLeigh.txt,182,100,0.72,9,6.786364832802279,6.177831592640895,6.191089314164023,80.27722323995823,148.80999999999997
poetry,ElizabethBrowning_AuroraLeigh.txt,182,200,0.66,9,6.786364832802279,,,,
poetry,ElizabethBrowning_AuroraLeigh.txt,182,500,0.6,9,6.786364832802279,,,,
poetry,ElizabethBrowning_AuroraLeigh.txt,225,10,0.84,0,7.052922149791539,3.2664769664101265,3.234645999973939,9.704680849188993,46.62533333333333
poetry,ElizabethBrowning_AuroraLeigh.txt,225,50,0.78,0,7.052922149791539,5.375762795151955,5.353176054235129,44.22240662655647,96.27425000000001
poetry,ElizabethBrowning_AuroraLeigh.txt,225,100,0.72,0,7.052922149791539,6.180326003642874,6.194610957869478,82.25184308720624,
poetry,ElizabethBrowning_AuroraLeigh.txt,225,200,0.66,0,7.052922149791539,6.921604907774243,6.937081485780042,150.07394376869163,
poetry,ElizabethBrowning_AuroraLeigh.txt,225,500,0.6,0,7.052922149791539,,,,
poetry,ElizabethBrowning_AuroraLeigh.txt,225,10,0.84,1,6.904259151432879,3.2659005254389077,3.240097128451175,9.702083468096745,54.08800000000001
poetry,ElizabethBrowning_AuroraLeigh.txt,225,50,0.78,1,6.904259151432879,5.351004973966617,5.307089359505816,43.42219617491252,81.57533333333332
poetry,ElizabethBrowning_AuroraLeigh.txt,225,100,0.72,1,6.904259151432879,6.127760538023581,6.115862346943058,78.38409439072855,126.09664772727274
poetry,ElizabethBrowning_AuroraLeigh.txt,225,200,0.66,1,6.904259151432879,6.793329914684368,6.811361489279667,136.04142824342975,
poetry,ElizabethBrowning_AuroraLeigh.txt,225,500,0.6,1,6.904259151432879,,,,
poetry,ElizabethBrowning_AuroraLeigh.txt,225,10,0.84,2,6.898912025038673,3.2601180138668364,3.271928094887354,9.704273586852818,42.6
poetry,ElizabethBrowning_AuroraLeigh.txt,225,50,0.78,2,6.898912025038673,5.337829980792194,5.277711274947905,43.395269468728834,79.28682352941176
poetry,ElizabethBrowning_AuroraLeigh.txt,225,100,0.72,2,6.898912025038673,6.130145459541653,6.072589781974148,78.24334721306886,120.09219015280135
poetry,ElizabethBrowning_AuroraLeigh.txt,225,200,0.66,2,6.898912025038673,6.793140764576922,6.812707939836455,135.40768235528046,223.2694805194805
poetry,ElizabethBrowning_AuroraLeigh.txt,225,500,0.6,2,6.898912025038673,,,,
poetry,ElizabethBrowning_AuroraLeigh.txt,225,10,0.84,3,6.935817636255553,3.2508406527477116,3.237301248813527,9.664223328133339,57.599999999999994
poetry,ElizabethBrowning_AuroraLeigh.txt,225,50,0.78,3,6.935817636255553,5.323085590660214,5.318961318070365,43.37000928285713,110.25
poetry,ElizabethBrowning_AuroraLeigh.txt,225,100,0.72,3,6.935817636255553,6.1247478854391435,6.132882492935545,79.55432883975374,133.756
poetry,ElizabethBrowning_AuroraLeigh.txt,225,200,0.66,3,6.935817636255553,6.811704676288655,6.842779244455664,141.87004928569257,
poetry,ElizabethBrowning_AuroraLeigh.txt,225,500,0.6,3,6.935817636255553,,,,
poetry,ElizabethBrowning_AuroraLeigh.txt,225,10,0.84,4,6.81981191349591,3.263472232615832,3.2191503171095803,9.673059674795383,39.497025641025644
poetry,ElizabethBrowning_AuroraLeigh.txt,225,50,0.78,4,6.81981191349591,5.317059132722444,5.246484685457062,42.79332265215349,62.321718749999995
poetry,ElizabethBrowning_AuroraLeigh.txt,225,100,0.72,4,6.81981191349591,6.081096127055945,5.997135939762263,76.40636918566155,97.1688888888889
poetry,ElizabethBrowning_AuroraLeigh.txt,225,200,0.66,4,6.81981191349591,6.728725668159301,6.709168362431347,130.2257237610883,148.92764957264953
poetry,ElizabethBrowning_AuroraLeigh.txt,225,500,0.6,4,6.81981191349591,,,,
poetry,ElizabethBrowning_AuroraLeigh.txt,225,10,0.84,5,6.920674678159738,3.2659005254389046,3.22655772451699,9.703574194407345,46.333333333333336
poetry,ElizabethBrowning_AuroraLeigh.txt,225,50,0.78,5,6.920674678159738,5.353983643741712,5.339631577192296,43.47396804855835,72.5552380952381
poetry,ElizabethBrowning_AuroraLeigh.txt,225,100,0.72,5,6.920674678159738,6.1344169805231905,6.140314352990735,78.76316238780623,96.603
poetry,ElizabethBrowning_AuroraLeigh.txt,225,200,0.66,5,6.920674678159738,6.8198380535327345,6.825925258278862,137.77562389096508,
poetry,ElizabethBrowning_AuroraLeigh.txt,225,500,0.6,5,6.920674678159738,,,,
poetry,ElizabethBrowning_AuroraLeigh.txt,225,10,0.84,6,6.790374159508587,3.253060091414135,3.224215756912374,9.641788363232433,34.0
poetry,ElizabethBrowning_AuroraLeigh.txt,225,50,0.78,6,6.790374159508587,5.292354253777232,5.249609681736801,42.346267112613496,58.53975
poetry,ElizabethBrowning_AuroraLeigh.txt,225,100,0.72,6,6.790374159508587,6.035991340130283,6.001929450409327,75.64904605953102,91.63644444444444
poetry,ElizabethBrowning_AuroraLeigh.txt,225,200,0.66,6,6.790374159508587,6.697528575894584,6.6972307700391465,130.6786297015419,131.10194444444443
poetry,ElizabethBrowning_AuroraLeigh.txt,225,500,0.6,6,6.790374159508587,,,,
poetry,ElizabethBrowning_AuroraLeigh.txt,225,10,0.84,7,6.960708661198005,3.2523611215047237,3.234296515019236,9.70906955268898,53.36000000000001
poetry,ElizabethBrowning_AuroraLeigh.txt,225,50,0.78,7,6.960708661198005,5.369283531196378,5.281534347007272,43.73005703827547,91.275
poetry,ElizabethBrowning_AuroraLeigh.txt,225,100,0.72,7,6.960708661198005,6.169003301011873,6.081314050653854,79.78205239083488,136.04853333333335
poetry,ElizabethBrowning_AuroraLeigh.txt,225,200,0.66,7,6.960708661198005,6.852401934355101,6.828936697047277,141.11152102836007,
poetry,ElizabethBrowning_AuroraLeigh.txt,225,500,0.6,7,6.960708661198005,,,,
poetry,ElizabethBrowning_AuroraLeigh.txt,225,10,0.84,8,7.018884107081743,3.263122747661129,3.256187354146618,9.749606419934501,55.72565656565656
poetry,ElizabethBrowning_AuroraLeigh.txt,225,50,0.78,8,7.018884107081743,5.399925825496619,5.375553997652734,44.33377711809929,99.4392
poetry,ElizabethBrowning_AuroraLeigh.txt,225,100,0.72,8,7.018884107081743,6.208882920558439,6.147067252318148,81.12043485119635,148.35475000000002
poetry,ElizabethBrowning_AuroraLeigh.txt,225,200,0.66,8,7.018884107081743,6.919203000668033,6.922278215666541,143.09695381781523,
poetry,ElizabethBrowning_AuroraLeigh.txt,225,500,0.6,8,7.018884107081743,,,,
poetry,ElizabethBrowning_AuroraLeigh.txt,225,10,0.84,9,6.743442554484988,3.2346459999739414,3.1941322152497214,9.551581677275365,34.76
poetry,ElizabethBrowning_AuroraLeigh.txt,225,50,0.78,9,6.743442554484988,5.237756290359244,5.1596394363908455,41.72256451109244,62.559
poetry,ElizabethBrowning_AuroraLeigh.txt,225,100,0.72,9,6.743442554484988,6.004022364147893,5.976748106256502,75.28473216173747,89.26666666666665
poetry,ElizabethBrowning_AuroraLeigh.txt,225,200,0.66,9,6.743442554484988,6.632640935226004,6.621771769290457,132.05713813569344,127.03277777777778
poetry,ElizabethBrowning_AuroraLeigh.txt,225,500,0.6,9,6.743442554484988,,,,
poetry,ElizabethBrowning_AuroraLeigh.txt,279,10,0.84,0,7.022316509798208,3.267937562475937,3.2575671921055633,9.648459905697784,47.31
poetry,ElizabethBrowning_AuroraLeigh.txt,279,50,0.78,0,7.022316509798208,5.316591504947532,5.2885934446069305,42.6324146063275,80.51142857142857
poetry,ElizabethBrowning_AuroraLeigh.txt,279,100,0.72,0,7.022316509798208,6.058905108766576,6.084973781294198,76.84981988671589,106.7197777777778
poetry,ElizabethBrowning_AuroraLeigh.txt,279,200,0.66,0,7.022316509798208,6.742286321466949,6.780659745261088,135.03549853943383,169.4166
poetry,ElizabethBrowning_AuroraLeigh.txt,279,500,0.6,0,7.022316509798208,,,,
poetry,ElizabethBrowning_AuroraLeigh.txt,279,10,0.84,1,6.98377034501086,3.2470152569219857,3.2552614282206895,9.65376154712509,52.440000000000005
poetry,ElizabethBrowning_AuroraLeigh.txt,279,50,0.78,1,6.98377034501086,5.305761174671906,5.3522895288660335,42.55975805883227,75.14875
poetry,ElizabethBrowning_AuroraLeigh.txt,279,100,0.72,1,6.98377034501086,6.065020093597235,6.109218513748617,76.17280253525666,116.79166666666664
poetry,ElizabethBrowning_AuroraLeigh.txt,279,200,0.66,1,6.98377034501086,6.714426079268478,6.753943904332544,131.48111410790153,155.125
poetry,ElizabethBrowning_AuroraLeigh.txt,279,500,0.6,1,6.98377034501086,,,,
poetry,ElizabethBrowning_AuroraLeigh.txt,279,10,0.84,2,7.123588349900469,3.239970979141004,3.2412708958092713,9.628670603213912,39.925714285714285
poetry,ElizabethBrowning_AuroraLeigh.txt,279,50,0.78,2,7.123588349900469,5.307641314661614,5.311010246055204,43.02673499202257,81.88285714285715
poetry,ElizabethBrowning_AuroraLeigh.txt,279,100,0.72,2,7.123588349900469,6.107449773482338,6.115953190926603,79.40688672773882,156.76615384615388
poetry,ElizabethBrowning_AuroraLeigh.txt,279,200,0.66,2,7.123588349900469,6.802402520602935,6.862104824136336,143.90440361935106,
poetry,ElizabethBrowning_AuroraLeigh.txt,279,500,0.6,2,7.123588349900469,,,,
poetry,ElizabethBrowning_AuroraLeigh.txt,279,10,0.84,3,6.989708625783324,3.2348838171063696,3.186441599506573,9.594982033671599,32.9962962962963
poetry,ElizabethBrowning_AuroraLeigh.txt,279,50,0.78,3,6.989708625783324,5.2736082077943225,5.1566671745885175,42.009386783353875,53.90175824175823
poetry,ElizabethBrowning_AuroraLeigh.txt,279,100,0.72,3,6.989708625783324,6.020701563720578,5.87828707070816,76.19353831057964,92.95219047619047
poetry,ElizabethBrowning_AuroraLeigh.txt,279,200,0.66,3,6.989708625783324,6.6987283647539915,6.581036979303805,136.19927238693828,164.14110389610389
poetry,ElizabethBrowning_AuroraLeigh.txt,279,500,0.6,3,6.989708625783324,,,,
poetry,ElizabethBrowning_AuroraLeigh.txt,279,10,0.84,4,7.202430913176843,3.2575671921055687,3.238307932846311,9.688849909018678,45.650370370370375
poetry,ElizabethBrowning_AuroraLeigh.txt,279,50,0.78,4,7.202430913176843,5.369028358552846,5.322404660795058,43.8420270760253,79.62612244897959
poetry,ElizabethBrowning_AuroraLeigh.txt,279,100,0.72,4,7.202430913176843,6.155545289356373,6.15721413585962,80.96346869351257,149.45349494949497
poetry,ElizabethBrowning_AuroraLeigh.txt,279,200,0.66,4,7.202430913176843,6.891413717760737,6.928888630072363,146.20564589095895,
poetry,ElizabethBrowning_AuroraLeigh.txt,279,500,0.6,4,7.202430913176843,,,,
poetry,ElizabethBrowning_AuroraLeigh.txt,279,10,0.84,5,7.09752821023156,3.2523820069203797,3.2511801134026648,9.67458386658862,42.63428571428572
poetry,ElizabethBrowning_AuroraLeigh.txt,279,50,0.78,5,7.09752821023156,5.332885772598425,5.289499813477056,43.17155558593484,93.57747252747254
poetry,ElizabethBrowning_AuroraLeigh.txt,279,100,0.72,5,7.09752821023156,6.120105720875784,6.10406609074803,78.51602610292427,143.06896243291592
poetry,ElizabethBrowning_AuroraLeigh.txt,279,200,0.66,5,7.09752821023156,6.796124396472264,6.827049545298136,139.3533132955865,207.436
poetry,ElizabethBrowning_AuroraLeigh.txt,279,500,0.6,5,7.09752821023156,,,,
poetry,ElizabethBrowning_AuroraLeigh.txt,279,10,0.84,6,7.124111586944231,3.2480211041385973,3.2337799467392068,9.702324206550895,37.531555555555556
poetry,ElizabethBrowning_AuroraLeigh.txt,279,50,0.78,6,7.124111586944231,5.359842417013682,5.352737727530594,43.60375478261828,65.29555555555555
poetry,ElizabethBrowning_AuroraLeigh.txt,279,100,0.72,6,7.124111586944231,6.138843565092542,6.134376633305166,79.36379177613945,115.16906666666668
poetry,ElizabethBrowning_AuroraLeigh.txt,279,200,0.66,6,7.124111586944231,6.825876882078967,6.860919452435366,139.24671124946593,154.5
poetry,ElizabethBrowning_AuroraLeigh.txt,279,500,0.6,6,7.124111586944231,,,,
poetry,ElizabethBrowning_AuroraLeigh.txt,279,10,0.84,7,7.033153995872092,3.2454357522899517,3.2483987152529146,9.66334024692678,64.94000000000001
poetry,ElizabethBrowning_AuroraLeigh.txt,279,50,0.78,7,7.033153995872092,5.33215812140692,5.318994093265287,42.86025538937717,86.63142857142854
poetry,ElizabethBrowning_AuroraLeigh.txt,279,100,0.72,7,7.033153995872092,6.087548210032489,6.048022150127778,77.3992082980429,143.0018918918919
poetry,ElizabethBrowning_AuroraLeigh.txt,279,200,0.66,7,7.033153995872092,6.756390849726128,6.68662473435119,134.91578146817673,174.27924615384615
poetry,ElizabethBrowning_AuroraLeigh.txt,279,500,0.6,7,7.033153995872092,,,,
poetry,ElizabethBrowning_AuroraLeigh.txt,279,10,0.84,8,6.886889658365939,3.2266376458076698,3.2360857106240895,9.612885854638598,41.19714285714286
poetry,ElizabethBrowning_AuroraLeigh.txt,279,50,0.78,8,6.886889658365939,5.270213571465834,5.213730874601877,41.83381630908225,58.11066666666667
poetry,ElizabethBrowning_AuroraLeigh.txt,279,100,0.72,8,6.886889658365939,6.003848857198904,5.956100139854865,74.17555025141462,87.35628571428572
poetry,ElizabethBrowning_AuroraLeigh.txt,279,200,0.66,8,6.886889658365939,6.6402537672525614,6.546832594529133,126.4714154165909,160.1207037037037
poetry,ElizabethBrowning_AuroraLeigh.txt,279,500,0.6,8,6.886889658365939,,,,163.97142857142856
poetry,ElizabethBrowning_AuroraLeigh.txt,279,10,0.84,9,7.159377494449088,3.2496006087706304,3.2022767430258887,9.655236306714315,43.31972789115646
poetry,ElizabethBrowning_AuroraLeigh.txt,279,50,0.78,9,7.159377494449088,5.3206389496638336,5.266698242596142,43.358156871525395,78.75260416666667
poetry,ElizabethBrowning_AuroraLeigh.txt,279,100,0.72,9,7.159377494449088,6.127413630361088,6.070126720285218,80.03169219207885,149.68260869565216
poetry,ElizabethBrowning_AuroraLeigh.txt,279,200,0.66,9,7.159377494449088,6.822838660854918,6.77947020479269,145.12794169942393,
poetry,ElizabethBrowning_AuroraLeigh.txt,279,500,0.6,9,7.159377494449088,,,,
poetry,ElizabethBrowning_AuroraLeigh.txt,345,10,0.84,0,7.209571422072325,3.2443108366970352,3.2073273061891476,9.633027673594212,37.57052631578947
poetry,ElizabethBrowning_AuroraLeigh.txt,345,50,0.78,0,7.209571422072325,5.303324496377609,5.2158399396045265,42.62186008302844,62.58981818181819
poetry,ElizabethBrowning_AuroraLeigh.txt,345,100,0.72,0,7.209571422072325,6.0769672208390295,6.01295117390069,77.42134250158415,106.64142857142858
poetry,ElizabethBrowning_AuroraLeigh.txt,345,200,0.66,0,7.209571422072325,6.753547534204886,6.754341482851347,137.12232974645175,189.23404761904763
poetry,ElizabethBrowning_AuroraLeigh.txt,345,500,0.6,0,7.209571422072325,,,,
poetry,ElizabethBrowning_AuroraLeigh.txt,345,10,0.84,1,7.275618923114866,3.2416380837234184,3.228464077025061,9.665724714789205,35.28272727272727
poetry,ElizabethBrowning_AuroraLeigh.txt,345,50,0.78,1,7.275618923114866,5.331041156936808,5.232347026338163,43.23020709406631,72.33099999999999
poetry,ElizabethBrowning_AuroraLeigh.txt,345,100,0.72,1,7.275618923114866,6.120084526149002,6.002582905296358,78.89085647174687,104.02151034151034
poetry,ElizabethBrowning_AuroraLeigh.txt,345,200,0.66,1,7.275618923114866,6.795557524749622,6.713369805172269,139.55214375600372,188.33218816067654
poetry,ElizabethBrowning_AuroraLeigh.txt,345,500,0.6,1,7.275618923114866,,,,
poetry,ElizabethBrowning_AuroraLeigh.txt,345,10,0.84,2,7.129066330398167,3.255856666315924,3.2377632176494138,9.643019438253132,42.34444444444445
poetry,ElizabethBrowning_AuroraLeigh.txt,345,50,0.78,2,7.129066330398167,5.292609272100343,5.227528723707604,42.40065418171895,63.97
poetry,ElizabethBrowning_AuroraLeigh.txt,345,100,0.72,2,7.129066330398167,6.046612092664542,5.994268957703431,75.86158445708142,114.60666666666668
poetry,ElizabethBrowning_AuroraLeigh.txt,345,200,0.66,2,7.129066330398167,6.690457105103791,6.692692123321694,131.11748601297668,178.70631628787876
poetry,ElizabethBrowning_AuroraLeigh.txt,345,500,0.6,2,7.129066330398167,,,,199.35434782608695
poetry,ElizabethBrowning_AuroraLeigh.txt,345,10,0.84,3,7.533350656744949,3.274454947564635,3.2702882808979643,9.788307561918968,75.77888888888889
poetry,ElizabethBrowning_AuroraLeigh.txt,345,50,0.78,3,7.533350656744949,5.440792205676702,5.402960353123453,45.20365179191508,132.3665217391304
poetry,ElizabethBrowning_AuroraLeigh.txt,345,100,0.72,3,7.533350656744949,6.26314137852539,6.252005626377258,83.88004558581132,210.75179487179489
poetry,ElizabethBrowning_AuroraLeigh.txt,345,200,0.66,3,7.533350656744949,7.010943034958509,6.999865006351597,150.72373877580043,
poetry,ElizabethBrowning_AuroraLeigh.txt,345,500,0.6,3,7.533350656744949,,,,
poetry,ElizabethBrowning_AuroraLeigh.txt,345,10,0.84,4,7.221894827641538,3.2618761789615127,3.2169298843160825,9.672477888794601,35.336400000000005
poetry,ElizabethBrowning_AuroraLeigh.txt,345,50,0.78,4,7.221894827641538,5.341787273550366,5.242120962277627,43.01910064003592,72.88
poetry,ElizabethBrowning_AuroraLeigh.txt,345,100,0.72,4,7.221894827641538,6.108192541972298,6.03692618951668,77.72121350642705,107.17342857142857
poetry,ElizabethBrowning_AuroraLeigh.txt,345,200,0.66,4,7.221894827641538,6.771654437249762,6.698615552441477,135.7798245061269,189.8607121212121
poetry,ElizabethBrowning_AuroraLeigh.txt,345,500,0.6,4,7.221894827641538,,,,265.03333333333336
poetry,ElizabethBrowning_AuroraLeigh.txt,345,10,0.84,5,7.241787254708138,3.2461753195858685,3.2502748545593323,9.573224396855151,67.1942857142857
poetry,ElizabethBrowning_AuroraLeigh.txt,345,50,0.78,5,7.241787254708138,5.256601539845109,5.262233348211904,42.41401682486608,98.95692857142856
poetry,ElizabethBrowning_AuroraLeigh.txt,345,100,0.72,5,7.241787254708138,6.059342583541686,6.022341703680211,78.17720799651185,178.02003448275863
poetry,ElizabethBrowning_AuroraLeigh.txt,345,200,0.66,5,7.241787254708138,6.7588835067984165,6.735809332293369,141.796055205553,250.54299999999998
poetry,ElizabethBrowning_AuroraLeigh.txt,345,500,0.6,5,7.241787254708138,,,,
poetry,ElizabethBrowning_AuroraLeigh.txt,345,10,0.84,6,7.3073130759536005,3.2445355055964873,3.233754088188998,9.673384315980135,41.99294117647059
poetry,ElizabethBrowning_AuroraLeigh.txt,345,50,0.78,6,7.3073130759536005,5.3253745416656075,5.238443358081542,43.433591229036146,80.84766666666668
poetry,ElizabethBrowning_AuroraLeigh.txt,345,100,0.72,6,7.3073130759536005,6.129132776214229,6.0472667025864215,79.52744646424796,134.97833333333332
poetry,ElizabethBrowning_AuroraLeigh.txt,345,200,0.66,6,7.3073130759536005,6.819220006889909,6.829725357336386,141.33692961773212,192.37047619047618
poetry,ElizabethBrowning_AuroraLeigh.txt,345,500,0.6,6,7.3073130759536005,,,,
poetry,ElizabethBrowning_AuroraLeigh.txt,345,10,0.84,7,6.985483253476719,3.2405935078292756,3.2187039616918858,9.579355240248452,30.5
poetry,ElizabethBrowning_AuroraLeigh.txt,345,50,0.78,7,6.985483253476719,5.250807927942693,5.221080367197929,41.25803406808745,48.69510204081632
poetry,ElizabethBrowning_AuroraLeigh.txt,345,100,0.72,7,6.985483253476719,5.9565828632331534,5.942738486626108,72.74050758384237,90.96167832167832
poetry,ElizabethBrowning_AuroraLeigh.txt,345,200,0.66,7,6.985483253476719,6.557743732880405,6.5651846591390575,124.5082263129423,117.98358974358975
poetry,ElizabethBrowning_AuroraLeigh.txt,345,500,0.6,7,6.985483253476719,,,,188.20134502923977
poetry,ElizabethBrowning_AuroraLeigh.txt,345,10,0.84,8,7.273500287030927,3.2553285599138957,3.1981624289512105,9.68591659282937,44.6
poetry,ElizabethBrowning_AuroraLeigh.txt,345,50,0.78,8,7.273500287030927,5.351519088964512,5.306507610883003,43.369063625749114,80.68725146198831
poetry,ElizabethBrowning_AuroraLeigh.txt,345,100,0.72,8,7.273500287030927,6.124509767958953,6.1094809320396,78.8188323032633,142.5197837837838
poetry,ElizabethBrowning_AuroraLeigh.txt,345,200,0.66,8,7.273500287030927,6.801417935518805,6.8153857277899945,138.43604879921907,163.98509941520467
poetry,ElizabethBrowning_AuroraLeigh.txt,345,500,0.6,8,7.273500287030927,,,,
poetry,ElizabethBrowning_AuroraLeigh.txt,345,10,0.84,9,6.954216509888727,3.227565401427246,3.172440615430559,9.53270383702108,26.653846153846153
poetry,ElizabethBrowning_AuroraLeigh.txt,345,50,0.78,9,6.954216509888727,5.212476870475697,5.151174481259699,40.871269160370204,46.314461538461536
poetry,ElizabethBrowning_AuroraLeigh.txt,345,100,0.72,9,6.954216509888727,5.9453577604715235,5.89602462255586,72.5277297381117,65.12013986013986
poetry,ElizabethBrowning_AuroraLeigh.txt,345,200,0.66,9,6.954216509888727,6.5335599384148075,6.59246421463035,124.81824480497882,102.23701298701299
poetry,ElizabethBrowning_AuroraLeigh.txt,345,500,0.6,9,6.954216509888727,,,,143.98496240601503
poetry,ElizabethBrowning_AuroraLeigh.txt,427,10,0.84,0,7.503439874159252,3.2389930971599985,3.2485957204823412,9.65409218479227,48.65259259259259
poetry,ElizabethBrowning_AuroraLeigh.txt,427,50,0.78,0,7.503439874159252,5.336143955466036,5.287463462495837,43.36726474697528,96.19671957671957
poetry,ElizabethBrowning_AuroraLeigh.txt,427,100,0.72,0,7.503439874159252,6.1301020205067545,6.078525652905656,79.74507460210958,154.44091954022988
poetry,ElizabethBrowning_AuroraLeigh.txt,427,200,0.66,0,7.503439874159252,6.83790354353029,6.806114188364351,143.12908624784856,241.8542857142857
poetry,ElizabethBrowning_AuroraLeigh.txt,427,500,0.6,0,7.503439874159252,,,,
poetry,ElizabethBrowning_AuroraLeigh.txt,427,10,0.84,1,7.463814083625001,3.2674366026598975,3.2439283101942262,9.695109174379214,51.74518518518519
poetry,ElizabethBrowning_AuroraLeigh.txt,427,50,0.78,1,7.463814083625001,5.353350453628459,5.31543807527439,43.49383860491674,95.0755
poetry,ElizabethBrowning_AuroraLeigh.txt,427,100,0.72,1,7.463814083625001,6.1309746597512635,6.077570022702584,79.19213677001,146.9084593837535
poetry,ElizabethBrowning_AuroraLeigh.txt,427,200,0.66,1,7.463814083625001,6.825216036544475,6.769654974277227,139.72948220025307,208.79599999999996
poetry,ElizabethBrowning_AuroraLeigh.txt,427,500,0.6,1,7.463814083625001,,,,281.0
poetry,ElizabethBrowning_AuroraLeigh.txt,427,10,0.84,2,7.391957511655617,3.259004757564719,3.256612413067112,9.689681529399765,56.0375
poetry,ElizabethBrowning_AuroraLeigh.txt,427,50,0.78,2,7.391957511655617,5.351732150752678,5.303129496358281,43.24032250163046,95.57398692810457
poetry,ElizabethBrowning_AuroraLeigh.txt,427,100,0.72,2,7.391957511655617,6.12145926570245,6.059376426802378,78.07009063066705,99.42666666666668
poetry,ElizabethBrowning_AuroraLeigh.txt,427,200,0.66,2,7.391957511655617,6.790652926480079,6.75698279181156,135.81085962424177,208.75
poetry,ElizabethBrowning_AuroraLeigh.txt,427,500,0.6,2,7.391957511655617,,,,244.2451127819549
poetry,ElizabethBrowning_AuroraLeigh.txt,427,10,0.84,3,7.516864440751345,3.259952341292636,3.2399832802909545,9.678533769415802,44.526315789473685
poetry,ElizabethBrowning_AuroraLeigh.txt,427,50,0.78,3,7.516864440751345,5.344111736986872,5.297166702038328,43.499997939559506,97.2325925925926
poetry,ElizabethBrowning_AuroraLeigh.txt,427,100,0.72,3,7.516864440751345,6.13252854215873,6.109404757518334,79.84129257158666,152.02222222222224
poetry,ElizabethBrowning_AuroraLeigh.txt,427,200,0.66,3,7.516864440751345,6.846254380667306,6.891373009835709,143.1165946506282,230.89491666666666
poetry,ElizabethBrowning_AuroraLeigh.txt,427,500,0.6,3,7.516864440751345,,,,
poetry,ElizabethBrowning_AuroraLeigh.txt,427,10,0.84,4,7.584557572735113,3.275609999080082,3.2651075745513993,9.739620454616356,69.53230769230768
poetry,ElizabethBrowning_AuroraLeigh.txt,427,50,0.78,4,7.584557572735113,5.396748885863917,5.388325391755683,44.34182894544178,107.47198529411764
poetry,ElizabethBrowning_AuroraLeigh.txt,427,100,0.72,4,7.584557572735113,6.197983047603568,6.239709227325862,81.49988460719017,176.976
poetry,ElizabethBrowning_AuroraLeigh.txt,427,200,0.66,4,7.584557572735113,6.9129414868507055,6.978770222303331,144.77508204993913,237.32209523809524
poetry,ElizabethBrowning_AuroraLeigh.txt,427,500,0.6,4,7.584557572735113,,,,
poetry,ElizabethBrowning_AuroraLeigh.txt,427,10,0.84,5,7.348960131411985,3.2549330948832234,3.221205714502522,9.658115891788404,36.608695652173914
poetry,ElizabethBrowning_AuroraLeigh.txt,427,50,0.78,5,7.348960131411985,5.304971268931375,5.236393705148865,42.707886738752656,73.52777777777777
poetry,ElizabethBrowning_AuroraLeigh.txt,427,100,0.72,5,7.348960131411985,6.084811961392063,6.021306015764972,76.91383326542052,96.64480480480479
poetry,ElizabethBrowning_AuroraLeigh.txt,427,200,0.66,5,7.348960131411985,6.741117591327803,6.7248392102657455,134.57223953187662,156.70206349206347
poetry,ElizabethBrowning_AuroraLeigh.txt,427,500,0.6,5,7.348960131411985,,,,246.54126984126987
poetry,ElizabethBrowning_AuroraLeigh.txt,427,10,0.84,6,7.497712338922401,3.271718931494797,3.2677977928523205,9.711808194410379,64.14103896103896
poetry,ElizabethBrowning_AuroraLeigh.txt,427,50,0.78,6,7.497712338922401,5.361699154683587,5.359580164855022,43.75215957723067,117.39365384615385
poetry,ElizabethBrowning_AuroraLeigh.txt,427,100,0.72,6,7.497712338922401,6.147244349608186,6.153189013974559,79.75385923629568,151.08474074074073
poetry,ElizabethBrowning_AuroraLeigh.txt,427,200,0.66,6,7.497712338922401,6.848568524996366,6.809527272718929,140.7491805845985,236.78485795454543
poetry,ElizabethBrowning_AuroraLeigh.txt,427,500,0.6,6,7.497712338922401,,,,307.6666666666667
poetry,ElizabethBrowning_AuroraLeigh.txt,427,10,0.84,7,7.354933898166721,3.2548158161761265,3.258291731251002,9.674532538257447,52.79600000000001
poetry,ElizabethBrowning_AuroraLeigh.txt,427,50,0.78,7,7.354933898166721,5.341135069215588,5.27267378356888,43.03876678523335,73.67054347826085
poetry,ElizabethBrowning_AuroraLeigh.txt,427,100,0.72,7,7.354933898166721,6.101239059356789,6.02219738058327,77.53851664852601,112.88596153846153
poetry,ElizabethBrowning_AuroraLeigh.txt,427,200,0.66,7,7.354933898166721,6.771655255195614,6.655298734130204,134.30007595664893,161.07892929292927
poetry,ElizabethBrowning_AuroraLeigh.txt,427,500,0.6,7,7.354933898166721,,,,244.43214689265534
poetry,ElizabethBrowning_AuroraLeigh.txt,427,10,0.84,8,7.448647826391147,3.271508265341391,3.2625979513466943,9.697271939639252,46.8821052631579
poetry,ElizabethBrowning_AuroraLeigh.txt,427,50,0.78,8,7.448647826391147,5.35095416444753,5.301709875094105,43.37178347059756,86.82030036630036
poetry,ElizabethBrowning_AuroraLeigh.txt,427,100,0.72,8,7.448647826391147,6.137377408240733,6.066679208103795,78.62110203839491,143.8308527936343
poetry,ElizabethBrowning_AuroraLeigh.txt,427,200,0.66,8,7.448647826391147,6.809862595216885,6.7262519379928465,138.58114269093159,232.49220312499997
poetry,ElizabethBrowning_AuroraLeigh.txt,427,500,0.6,8,7.448647826391147,,,,305.2592592592593
poetry,ElizabethBrowning_AuroraLeigh.txt,427,10,0.84,9,7.452695085154597,3.25558280480783,3.2281481905811455,9.678875511950006,33.8974358974359
poetry,ElizabethBrowning_AuroraLeigh.txt,427,50,0.78,9,7.452695085154597,5.349251804406314,5.221370857041278,43.285512399268455,74.12714285714286
poetry,ElizabethBrowning_AuroraLeigh.txt,427,100,0.72,9,7.452695085154597,6.119448115231268,6.0112441891928485,78.89400425228175,122.392
poetry,ElizabethBrowning_AuroraLeigh.txt,427,200,0.66,9,7.452695085154597,6.819243749175,6.716654203833695,139.86307273799466,217.3765476190476
poetry,ElizabethBrowning_AuroraLeigh.txt,427,500,0.6,9,7.452695085154597,,,,257.00272727272727
poetry,ElizabethBrowning_AuroraLeigh.txt,528,10,0.84,0,7.630991912632023,3.254141286115096,3.2629610235930913,9.689686599440687,53.17333333333334
poetry,ElizabethBrowning_AuroraLeigh.txt,528,50,0.78,0,7.630991912632023,5.351014797760304,5.334290596746092,43.431250601586,96.52852272727273
poetry,ElizabethBrowning_AuroraLeigh.txt,528,100,0.72,0,7.630991912632023,6.136033785189887,6.114242306370042,79.14717129525863,144.81305555555556
poetry,ElizabethBrowning_AuroraLeigh.txt,528,200,0.66,0,7.630991912632023,6.823319545438304,6.84831309142314,140.1469232035838,223.2
poetry,ElizabethBrowning_AuroraLeigh.txt,528,500,0.6,0,7.630991912632023,7.590755539523726,7.614309340122287,287.66708912656526,308.89469696969695
poetry,ElizabethBrowning_AuroraLeigh.txt,528,10,0.84,1,7.638121131647302,3.251203884863104,3.18659438341176,9.693754011944574,37.053333333333335
poetry,ElizabethBrowning_AuroraLeigh.txt,528,50,0.78,1,7.638121131647302,5.368508001681226,5.216508757056473,43.56294303066056,73.29459999999999
poetry,ElizabethBrowning_AuroraLeigh.txt,528,100,0.72,1,7.638121131647302,6.138303493016091,6.0105616840079135,79.5239439116556,136.7334364548495
poetry,ElizabethBrowning_AuroraLeigh.txt,528,200,0.66,1,7.638121131647302,6.836128474875439,6.749352184679105,140.68795054448915,188.30141666666665
poetry,ElizabethBrowning_AuroraLeigh.txt,528,500,0.6,1,7.638121131647302,7.598705597353782,7.587094839239493,285.2735683331593,297.08561320754717
poetry,ElizabethBrowning_AuroraLeigh.txt,528,10,0.84,2,7.52563715445212,3.249422552975275,3.2507316064472307,9.654931264795366,45.37555555555556
poetry,ElizabethBrowning_AuroraLeigh.txt,528,50,0.78,2,7.52563715445212,5.320339183817925,5.274114418180669,42.85970176622943,82.73098901098902
poetry,ElizabethBrowning_AuroraLeigh.txt,528,100,0.72,2,7.52563715445212,6.080571618126019,6.0511979930883975,77.5944683117522,135.06939247311828
poetry,ElizabethBrowning_AuroraLeigh.txt,528,200,0.66,2,7.52563715445212,6.759687927651994,6.723125998191822,136.1647336097713,190.76920673076924
poetry,ElizabethBrowning_AuroraLeigh.txt,528,500,0.6,2,7.52563715445212,7.49645989430753,7.491452611534911,272.97290883067393,290.2799369747899
poetry,ElizabethBrowning_AuroraLeigh.txt,528,10,0.84,3,7.56809515847307,3.253036211453533,3.235222892575234,9.672368660898726,38.68518518518518
poetry,ElizabethBrowning_AuroraLeigh.txt,528,50,0.78,3,7.56809515847307,5.3307557982321825,5.241198564857102,43.140010874685046,77.69571428571429
poetry,ElizabethBrowning_AuroraLeigh.txt,528,100,0.72,3,7.56809515847307,6.110547374712109,6.0322756829902255,78.35223963556027,135.9069074074074
poetry,ElizabethBrowning_AuroraLeigh.txt,528,200,0.66,3,7.56809515847307,6.790798818625016,6.733501771064219,137.9042539164892,216.56978494623658
poetry,ElizabethBrowning_AuroraLeigh.txt,528,500,0.6,3,7.56809515847307,7.532097361727254,7.529119130889269,276.8111070996,290.93511434511436
poetry,ElizabethBrowning_AuroraLeigh.txt,528,10,0.84,4,7.577579471711032,3.245183631973347,3.259878171955328,9.674015369042682,44.09611111111111
poetry,ElizabethBrowning_AuroraLeigh.txt,528,50,0.78,4,7.577579471711032,5.3401237385502816,5.268163156343576,43.130878649336594,79.12737312030075
poetry,ElizabethBrowning_AuroraLeigh.txt,528,100,0.72,4,7.577579471711032,6.104754319395866,6.005490920221518,78.2521438819582,113.12018181818182
poetry,ElizabethBrowning_AuroraLeigh.txt,528,200,0.66,4,7.577579471711032,6.78075057967407,6.706133908283068,137.88258889737915,166.4683068783069
poetry,ElizabethBrowning_AuroraLeigh.txt,528,500,0.6,4,7.577579471711032,7.537921309011432,7.5451451782871235,281.1409819180242,280.15117464539003
poetry,ElizabethBrowning_AuroraLeigh.txt,528,10,0.84,5,7.57732305372459,3.2663347760024055,3.2164273482550674,9.725412926657686,39.06714285714286
poetry,ElizabethBrowning_AuroraLeigh.txt,528,50,0.78,5,7.57732305372459,5.368861915183897,5.256337020836136,43.80656849414413,68.95224999999999
poetry,ElizabethBrowning_AuroraLeigh.txt,528,100,0.72,5,7.57732305372459,6.151051430603939,6.049208523454261,79.26820372460512,101.955
poetry,ElizabethBrowning_AuroraLeigh.txt,528,200,0.66,5,7.57732305372459,6.839331162934858,6.771268342491955,137.01324474828553,180.7990133779264
poetry,ElizabethBrowning_AuroraLeigh.txt,528,500,0.6,5,7.57732305372459,7.536593216162102,7.546679065178673,263.9856047673513,270.0265467310224
poetry,ElizabethBrowning_AuroraLeigh.txt,528,10,0.84,6,7.5127547694170955,3.260357984093225,3.2223456117396347,9.694268223479398,38.32285714285714
poetry,ElizabethBrowning_AuroraLeigh.txt,528,50,0.78,6,7.5127547694170955,5.342233207741822,5.279325670858376,43.211677534454694,74.14088888888888
poetry,ElizabethBrowning_AuroraLeigh.txt,528,100,0.72,6,7.5127547694170955,6.118495248446464,6.080572344103128,77.66329992247353,105.39818181818183
poetry,ElizabethBrowning_AuroraLeigh.txt,528,200,0.66,6,7.5127547694170955,6.778564808208723,6.788138429046593,134.05107889155744,179.3419076923077
poetry,ElizabethBrowning_AuroraLeigh.txt,528,500,0.6,6,7.5127547694170955,7.4799624559969144,7.486654138081158,263.46954621613213,274.2467459932006
poetry,ElizabethBrowning_AuroraLeigh.txt,528,10,0.84,7,7.4901497134473445,3.249422552975274,3.228090031301894,9.639773231674862,40.93948717948718
poetry,ElizabethBrowning_AuroraLeigh.txt,528,50,0.78,7,7.4901497134473445,5.302125881433775,5.251823625060064,42.54621929419366,67.34601923076923
poetry,ElizabethBrowning_AuroraLeigh.txt,528,100,0.72,7,7.4901497134473445,6.062599264767639,6.004430254166874,76.72436599790305,107.69516666666667
poetry,ElizabethBrowning_AuroraLeigh.txt,528,200,0.66,7,7.4901497134473445,6.735078271971462,6.703762260119831,134.43930315220365,181.17314496314495
poetry,ElizabethBrowning_AuroraLeigh.txt,528,500,0.6,7,7.4901497134473445,7.44933654475812,7.453844263456688,272.61079304358435,278.7767654751526
poetry,ElizabethBrowning_AuroraLeigh.txt,528,10,0.84,8,7.599817966235778,3.263877186888311,3.25718821049431,9.726556053705885,44.32
poetry,ElizabethBrowning_AuroraLeigh.txt,528,50,0.78,8,7.599817966235778,5.379708650424486,5.2878302324576545,43.813643675499144,76.74026666666667
poetry,ElizabethBrowning_AuroraLeigh.txt,528,100,0.72,8,7.599817966235778,6.167799573928805,6.0580913085136086,79.34597575568762,126.70216049382715
poetry,ElizabethBrowning_AuroraLeigh.txt,528,200,0.66,8,7.599817966235778,6.843321699272272,6.713696476219936,137.9341900243587,193.19603174603174
poetry,ElizabethBrowning_AuroraLeigh.txt,528,500,0.6,8,7.599817966235778,7.561900939168218,7.5537720088978,269.74145661689914,285.1744196428572
poetry,ElizabethBrowning_AuroraLeigh.txt,528,10,0.84,9,7.629055211901987,3.2504331719536625,3.245234626675946,9.641559602862724,40.70153846153846
poetry,ElizabethBrowning_AuroraLeigh.txt,528,50,0.78,9,7.629055211901987,5.320403214605576,5.236667343231068,43.12666911283598,77.4820879120879
poetry,ElizabethBrowning_AuroraLeigh.txt,528,100,0.72,9,7.629055211901987,6.10567804867047,5.990787648964172,79.19396970312866,134.7595945945946
poetry,ElizabethBrowning_AuroraLeigh.txt,528,200,0.66,9,7.629055211901987,6.808362206467556,6.697477050212876,141.63884119894803,192.39233766233767
poetry,ElizabethBrowning_AuroraLeigh.txt,528,500,0.6,9,7.629055211901987,7.587745591434944,7.568981875905357,293.39093707681525,299.3047380156076
poetry,ElizabethBrowning_AuroraLeigh.txt,653,10,0.84,0,7.651474896470283,3.2502179182525768,3.2209431783437306,9.626879507722366,40.418424242424244
poetry,ElizabethBrowning_AuroraLeigh.txt,653,50,0.78,0,7.651474896470283,5.300702509536755,5.265208227302016,42.54041038501878,60.68309090909091
poetry,ElizabethBrowning_AuroraLeigh.txt,653,100,0.72,0,7.651474896470283,6.064233657209636,6.039012613805464,77.19981871964151,104.1417094017094
poetry,ElizabethBrowning_AuroraLeigh.txt,653,200,0.66,0,7.651474896470283,6.734493577262113,6.743014925940961,136.4303291273646,221.62704802259887
poetry,ElizabethBrowning_AuroraLeigh.txt,653,500,0.6,0,7.651474896470283,7.471395525877709,7.510224361879071,275.0913664082379,332.2331746031746
poetry,ElizabethBrowning_AuroraLeigh.txt,653,10,0.84,1,7.678358911684838,3.2632263712822085,3.2596579784264095,9.684211668787404,47.21857142857143
poetry,ElizabethBrowning_AuroraLeigh.txt,653,50,0.78,1,7.678358911684838,5.340950989267684,5.287267955293386,43.17115818092246,81.93055555555556
poetry,ElizabethBrowning_AuroraLeigh.txt,653,100,0.72,1,7.678358911684838,6.109252372530647,6.049365517775233,77.98054574541385,117.75027777777778
poetry,ElizabethBrowning_AuroraLeigh.txt,653,200,0.66,1,7.678358911684838,6.7836196822493235,6.71983821816819,136.03119871334746,181.51794407894735
poetry,ElizabethBrowning_AuroraLeigh.txt,653,500,0.6,1,7.678358911684838,7.5053534785293285,7.484063013651463,269.745138211781,247.87505827505825
poetry,ElizabethBrowning_AuroraLeigh.txt,653,10,0.84,2,7.685640450127299,3.2440006666970964,3.231033310329965,9.631632302290056,43.233333333333334
poetry,ElizabethBrowning_AuroraLeigh.txt,653,50,0.78,2,7.685640450127299,5.311377926747361,5.248345724389393,42.77663049211593,70.72222222222223
poetry,ElizabethBrowning_AuroraLeigh.txt,653,100,0.72,2,7.685640450127299,6.08375788168885,5.999523801184535,77.92219286665704,135.43677419354836
poetry,ElizabethBrowning_AuroraLeigh.txt,653,200,0.66,2,7.685640450127299,6.762198210753264,6.6856100051146035,138.01385207044308,184.0092857142857
poetry,ElizabethBrowning_AuroraLeigh.txt,653,500,0.6,2,7.685640450127299,7.508505423011896,7.480998894370968,278.04087014169465,275.0
poetry,ElizabethBrowning_AuroraLeigh.txt,653,10,0.84,3,7.431727828125944,3.2524329279585538,3.182117231136072,9.625844523257408,31.29268292682927
poetry,ElizabethBrowning_AuroraLeigh.txt,653,50,0.78,3,7.431727828125944,5.293258674503226,5.172728542855311,42.159758588144435,48.09535714285715
poetry,ElizabethBrowning_AuroraLeigh.txt,653,100,0.72,3,7.431727828125944,6.028951944407124,5.901893356834873,74.9474622011346,74.86074074074074
poetry,ElizabethBrowning_AuroraLeigh.txt,653,200,0.66,3,7.431727828125944,6.656841597045624,6.56367598376408,126.99535149314144,130.5406046511628
poetry,ElizabethBrowning_AuroraLeigh.txt,653,500,0.6,3,7.431727828125944,7.287945203588689,7.282409878669672,235.92129868094875,172.81911764705882
poetry,ElizabethBrowning_AuroraLeigh.txt,653,10,0.84,4,7.736388649494088,3.2546479376645325,3.2291760277239576,9.698149969091725,45.74779519331243
poetry,ElizabethBrowning_AuroraLeigh.txt,653,50,0.78,4,7.736388649494088,5.35910197765906,5.266196581440337,43.49931516627293,69.74091666666666
poetry,ElizabethBrowning_AuroraLeigh.txt,653,100,0.72,4,7.736388649494088,6.129784839361861,6.0452324737890555,78.96094095871568,114.78443548387098
poetry,ElizabethBrowning_AuroraLeigh.txt,653,200,0.66,4,7.736388649494088,6.8256266717271155,6.705051121647237,138.24153841426073,190.66583870967742
poetry,ElizabethBrowning_AuroraLeigh.txt,653,500,0.6,4,7.736388649494088,7.552142489856293,7.4840466399813765,276.1075399476888,251.0340350877193
poetry,ElizabethBrowning_AuroraLeigh.txt,653,10,0.84,5,7.5275092190637976,3.2373677804416827,3.2175270292754083,9.64751647866999,32.575
poetry,ElizabethBrowning_AuroraLeigh.txt,653,50,0.78,5,7.5275092190637976,5.299380664146816,5.2210967531860835,42.42189057281267,57.61010351966873
poetry,ElizabethBrowning_AuroraLeigh.txt,653,100,0.72,5,7.5275092190637976,6.051081553282532,5.981139798876569,75.78451616193261,89.87777777777778
poetry,ElizabethBrowning_AuroraLeigh.txt,653,200,0.66,5,7.5275092190637976,6.691367816736226,6.648420119124244,130.49777396793633,137.19185
poetry,ElizabethBrowning_AuroraLeigh.txt,653,500,0.6,5,7.5275092190637976,7.3699219394777655,7.374310918907452,251.3194117632301,223.98333333333335
poetry,ElizabethBrowning_AuroraLeigh.txt,653,10,0.84,6,7.752918998158434,3.255884102258118,3.2394655715914222,9.683760078762116,42.2475
poetry,ElizabethBrowning_AuroraLeigh.txt,653,50,0.78,6,7.752918998158434,5.347476338939933,5.272968842122741,43.338425277150534,80.875
poetry,ElizabethBrowning_AuroraLeigh.txt,653,100,0.72,6,7.752918998158434,6.128389530794488,6.044817951495812,78.91935281519989,122.47367003367003
poetry,ElizabethBrowning_AuroraLeigh.txt,653,200,0.66,6,7.752918998158434,6.820447493252164,6.733893986652471,139.54726741251145,200.36678062678064
poetry,ElizabethBrowning_AuroraLeigh.txt,653,500,0.6,6,7.752918998158434,7.567405048454682,7.536996087301471,281.9384592338307,334.31922503725787
poetry,ElizabethBrowning_AuroraLeigh.txt,653,10,0.84,7,7.741294880464544,3.2588374485327547,3.2325160548985408,9.661309639773199,37.434514285714286
poetry,ElizabethBrowning_AuroraLeigh.txt,653,50,0.78,7,7.741294880464544,5.329145526649486,5.230791114090321,43.174947112048244,68.7643
poetry,ElizabethBrowning_AuroraLeigh.txt,653,100,0.72,7,7.741294880464544,6.116633617921238,6.009201425800555,78.74651869807606,111.21022222222223
poetry,ElizabethBrowning_AuroraLeigh.txt,653,200,0.66,7,7.741294880464544,6.800001591040709,6.712401246287519,139.30438717963182,175.29791666666665
poetry,ElizabethBrowning_AuroraLeigh.txt,653,500,0.6,7,7.741294880464544,7.564097274462432,7.547785186432409,283.1683523809466,275.040625
poetry,ElizabethBrowning_AuroraLeigh.txt,653,10,0.84,8,7.784958072704212,3.255538518020667,3.2514540828461627,9.670995752142458,54.82916666666667
poetry,ElizabethBrowning_AuroraLeigh.txt,653,50,0.78,8,7.784958072704212,5.334924140215176,5.2927662060155924,43.35616828244696,86.80208333333333
poetry,ElizabethBrowning_AuroraLeigh.txt,653,100,0.72,8,7.784958072704212,6.128267861114428,6.082976560167536,79.335935828697,168.41937499999997
poetry,ElizabethBrowning_AuroraLeigh.txt,653,200,0.66,8,7.784958072704212,6.824142246622073,6.779883745308753,141.14300420540886,234.95842515723268
poetry,ElizabethBrowning_AuroraLeigh.txt,653,500,0.6,8,7.784958072704212,7.589020099943951,7.602356136931052,288.7602417603581,351.39869976359336
poetry,ElizabethBrowning_AuroraLeigh.txt,653,10,0.84,9,7.856532888929893,3.2630330308322346,3.2576012839391666,9.729043712435667,54.45969696969697
poetry,ElizabethBrowning_AuroraLeigh.txt,653,50,0.78,9,7.856532888929893,5.386608891609159,5.365345665984077,44.02073482674413,102.89794871794871
poetry,ElizabethBrowning_AuroraLeigh.txt,653,100,0.72,9,7.856532888929893,6.1787531000271825,6.1697550001182195,80.45331556635884,165.27163742690058
poetry,ElizabethBrowning_AuroraLeigh.txt,653,200,0.66,9,7.856532888929893,6.881711842747306,6.901749523668014,142.6162291542922,227.14222222222222
poetry,ElizabethBrowning_AuroraLeigh.txt,653,500,0.6,9,7.856532888929893,7.658209026461425,7.689974502775517,292.2169783870597,361.7953079178886
poetry,ElizabethBrowning_AuroraLeigh.txt,808,10,0.84,0,7.716507988968317,3.242347038874177,3.2146236627785085,9.61805478304601,33.650612244897964
poetry,ElizabethBrowning_AuroraLeigh.txt,808,50,0.78,0,7.716507988968317,5.287770155471345,5.218056644150874,42.17394091503087,60.145357142857144
poetry,ElizabethBrowning_AuroraLeigh.txt,808,100,0.72,0,7.716507988968317,6.048827758938854,5.979428454339682,75.79823515266801,103.5
poetry,ElizabethBrowning_AuroraLeigh.txt,808,200,0.66,0,7.716507988968317,6.6855070336434705,6.661863664971955,132.60671448541459,174.2537142857143
poetry,ElizabethBrowning_AuroraLeigh.txt,808,500,0.6,0,7.716507988968317,7.401605465015781,7.375216567560736,268.7696629525701,278.1032101530422
poetry,ElizabethBrowning_AuroraLeigh.txt,808,10,0.84,1,7.763560367087489,3.250890801390637,3.23362410552296,9.65783961025582,36.94666666666667
poetry,ElizabethBrowning_AuroraLeigh.txt,808,50,0.78,1,7.763560367087489,5.325212976848427,5.231648286336188,42.81552282472479,67.07556923076922
poetry,ElizabethBrowning_AuroraLeigh.txt,808,100,0.72,1,7.763560367087489,6.0801002404043425,5.983260440888764,77.26535607445541,106.32513888888887
poetry,ElizabethBrowning_AuroraLeigh.txt,808,200,0.66,1,7.763560367087489,6.758915406235454,6.6595586581713615,134.91859104098194,167.0867714285714
poetry,ElizabethBrowning_AuroraLeigh.txt,808,500,0.6,1,7.763560367087489,7.459972678553076,7.455826180874426,267.2667610963553,272.8971264367816
poetry,ElizabethBrowning_AuroraLeigh.txt,808,10,0.84,2,7.804654984021447,3.2452894387495665,3.2220668010747686,9.623872013566,36.18416666666667
poetry,ElizabethBrowning_AuroraLeigh.txt,808,50,0.78,2,7.804654984021447,5.299172412899005,5.196125267201146,42.546744803179145,59.09379310344828
poetry,ElizabethBrowning_AuroraLeigh.txt,808,100,0.72,2,7.804654984021447,6.060040837687157,5.973828408779956,77.2258493561127,113.88613333333333
poetry,ElizabethBrowning_AuroraLeigh.txt,808,200,0.66,2,7.804654984021447,6.734476210989971,6.669375348888624,136.67993007980508,199.69400000000002
poetry,ElizabethBrowning_AuroraLeigh.txt,808,500,0.6,2,7.804654984021447,7.487064085762124,7.44511681415971,279.4618453588798,280.45008706467667
poetry,ElizabethBrowning_AuroraLeigh.txt,808,10,0.84,3,7.847125096590122,3.2451336048950212,3.2226999237313305,9.64563189439766,38.424126984126985
poetry,ElizabethBrowning_AuroraLeigh.txt,808,50,0.78,3,7.847125096590122,5.312283114365809,5.211096571411332,42.871897930846195,60.18548792270531
poetry,ElizabethBrowning_AuroraLeigh.txt,808,100,0.72,3,7.847125096590122,6.084225182808809,5.978331407530179,78.00382790255637,104.84655555555555
poetry,ElizabethBrowning_AuroraLeigh.txt,808,200,0.66,3,7.847125096590122,6.756584585862362,6.68291809975512,138.23220777335612,185.90480578139113
poetry,ElizabethBrowning_AuroraLeigh.txt,808,500,0.6,3,7.847125096590122,7.524251152951659,7.449439141467095,281.79240515857447,293.25392829900835
poetry,ElizabethBrowning_AuroraLeigh.txt,808,10,0.84,4,7.87986012673133,3.2436599581477314,3.2389604744153586,9.616582468634707,42.687645687645684
poetry,ElizabethBrowning_AuroraLeigh.txt,808,50,0.78,4,7.87986012673133,5.310039747931951,5.244646611553622,42.74774078325651,80.9952380952381
poetry,ElizabethBrowning_AuroraLeigh.txt,808,100,0.72,4,7.87986012673133,6.070130046523061,6.017894287340598,78.2639628451814,147.62545454545455
poetry,ElizabethBrowning_AuroraLeigh.txt,808,200,0.66,4,7.87986012673133,6.76038910305368,6.715578194648813,139.9565301794923,221.53791666666666
poetry,ElizabethBrowning_AuroraLeigh.txt,808,500,0.6,4,7.87986012673133,7.530756516792038,7.511899811973614,289.6941219662987,409.14633895131084
poetry,ElizabethBrowning_AuroraLeigh.txt,808,10,0.84,5,7.822355953467281,3.2296093120267626,3.217783251326425,9.569657866135984,38.404761904761905
poetry,ElizabethBrowning_AuroraLeigh.txt,808,50,0.78,5,7.822355953467281,5.265509737399451,5.215401845906667,41.98428898223398,62.111440329218105
poetry,ElizabethBrowning_AuroraLeigh.txt,808,100,0.72,5,7.822355953467281,6.016174196019179,5.9566737389776545,76.59462849126966,113.13066666666667
poetry,ElizabethBrowning_AuroraLeigh.txt,808,200,0.66,5,7.822355953467281,6.701103493510464,6.622544436427653,137.78374352335626,207.103871996997
poetry,ElizabethBrowning_AuroraLeigh.txt,808,500,0.6,5,7.822355953467281,7.4756555452778235,7.3999724769396655,291.4389808578855,303.9190476190476
poetry,ElizabethBrowning_AuroraLeigh.txt,808,10,0.84,6,7.901932850212831,3.252081011028222,3.2384082810535193,9.69229929425062,45.754666666666665
poetry,ElizabethBrowning_AuroraLeigh.txt,808,50,0.78,6,7.901932850212831,5.356761965650114,5.27762163116088,43.43854292638828,78.32567042606517
poetry,ElizabethBrowning_AuroraLeigh.txt,808,100,0.72,6,7.901932850212831,6.13766249585355,6.069083631046401,79.05102925143612,144.16622222222222
poetry,ElizabethBrowning_AuroraLeigh.txt,808,200,0.66,6,7.901932850212831,6.827700258138993,6.777828995675756,139.60237651357485,214.74361979166665
poetry,ElizabethBrowning_AuroraLeigh.txt,808,500,0.6,6,7.901932850212831,7.578636107850187,7.536585869938403,283.0647993966135,299.09090909090907
poetry,ElizabethBrowning_AuroraLeigh.txt,808,10,0.84,7,7.683295999802469,3.2470747532059474,3.235121089250462,9.622449477192308,39.69853658536585
poetry,ElizabethBrowning_AuroraLeigh.txt,808,50,0.78,7,7.683295999802469,5.292035266664292,5.239209390362868,42.29848060144613,60.00345679012345
poetry,ElizabethBrowning_AuroraLeigh.txt,808,100,0.72,7,7.683295999802469,6.047350062954358,5.989657596795283,75.998287146263,104.68
poetry,ElizabethBrowning_AuroraLeigh.txt,808,200,0.66,7,7.683295999802469,6.683646344023007,6.640515736120133,132.03083736257142,168.91496103896102
poetry,ElizabethBrowning_AuroraLeigh.txt,808,500,0.6,7,7.683295999802469,7.387886910951663,7.331221845568814,260.9111522029032,217.55
poetry,ElizabethBrowning_AuroraLeigh.txt,808,10,0.84,8,7.799909333030422,3.2587167494523372,3.2460783952606818,9.681587194917345,41.673
poetry,ElizabethBrowning_AuroraLeigh.txt,808,50,0.78,8,7.799909333030422,5.335290700872447,5.2579266677711765,43.12539839295032,71.90277777777777
poetry,ElizabethBrowning_AuroraLeigh.txt,808,100,0.72,8,7.799909333030422,6.110710005400238,6.032481793518191,77.90023004743571,105.04405303030303
poetry,ElizabethBrowning_AuroraLeigh.txt,808,200,0.66,8,7.799909333030422,6.780842502832428,6.73045918119621,135.96903216176648,188.74409126984128
poetry,ElizabethBrowning_AuroraLeigh.txt,808,500,0.6,8,7.799909333030422,7.498562439384709,7.4797214003182475,269.12841914596174,282.7429352346999
poetry,ElizabethBrowning_AuroraLeigh.txt,808,10,0.84,9,7.700928820243098,3.2483925660986808,3.2302093104647494,9.64509321772637,36.96355555555556
poetry,ElizabethBrowning_AuroraLeigh.txt,808,50,0.78,9,7.700928820243098,5.310025747312677,5.206212695608798,42.51061526157333,63.61190476190476
poetry,ElizabethBrowning_AuroraLeigh.txt,808,100,0.72,9,7.700928820243098,6.059685387174729,5.920739544418234,76.29500994342992,95.41198653198653
poetry,ElizabethBrowning_AuroraLeigh.txt,808,200,0.66,9,7.700928820243098,6.714541015152108,6.570625379254863,132.3166081358636,144.30870370370369
poetry,ElizabethBrowning_AuroraLeigh.txt,808,500,0.6,9,7.700928820243098,7.410533655541659,7.293329878169939,260.68711071494556,230.925
poetry,ElizabethBrowning_AuroraLeigh.txt,1000,10,0.84,0,7.829981991925049,3.245633624651788,3.2244923759127038,9.631785360871971,38.549019607843135
poetry,ElizabethBrowning_AuroraLeigh.txt,1000,50,0.78,0,7.829981991925049,5.302460261239838,5.2430380561157905,42.341564829842596,62.39454545454545
poetry,ElizabethBrowning_AuroraLeigh.txt,1000,100,0.72,0,7.829981991925049,6.048734647680148,5.978194215599743,75.97227788605969,98.43625396825398
poetry,ElizabethBrowning_AuroraLeigh.txt,1000,200,0.66,0,7.829981991925049,6.701006425823887,6.657855107630691,132.21132162898007,155.90076923076924
poetry,ElizabethBrowning_AuroraLeigh.txt,1000,500,0.6,0,7.829981991925049,7.404143032488199,7.392049440763289,265.1601773408566,254.81759435760583
poetry,ElizabethBrowning_AuroraLeigh.txt,1000,10,0.84,1,8.105510171478292,3.260819318395048,3.2170479321679117,9.66592884609347,34.20067796610169
poetry,ElizabethBrowning_AuroraLeigh.txt,1000,50,0.78,1,8.105510171478292,5.33016091828872,5.203420308045409,43.234095752055495,62.42941176470588
poetry,ElizabethBrowning_AuroraLeigh.txt,1000,100,0.72,1,8.105510171478292,6.10851906448759,5.978223794080771,79.12211859152833,105.333
poetry,ElizabethBrowning_AuroraLeigh.txt,1000,200,0.66,1,8.105510171478292,6.816971237600241,6.6944552756253595,141.59442832375254,202.15925960969838
poetry,ElizabethBrowning_AuroraLeigh.txt,1000,500,0.6,1,8.105510171478292,7.60582849256673,7.517781807652804,296.5357893433862,340.9749017562163
poetry,ElizabethBrowning_AuroraLeigh.txt,1000,10,0.84,2,7.74406092706014,3.2476973103206412,3.1893644949791025,9.644078280693334,29.158285714285718
poetry,ElizabethBrowning_AuroraLeigh.txt,1000,50,0.78,2,7.74406092706014,5.3079906506078585,5.159275630011606,42.417229724585894,48.63691860465116
poetry,ElizabethBrowning_AuroraLeigh.txt,1000,100,0.72,2,7.74406092706014,6.051814104091583,5.902328737544339,75.74851414136526,79.28086021505375
poetry,ElizabethBrowning_AuroraLeigh.txt,1000,200,0.66,2,7.74406092706014,6.694226961941512,6.539720830587799,129.91734362709082,134.16995847678663
poetry,ElizabethBrowning_AuroraLeigh.txt,1000,500,0.6,2,7.74406092706014,7.359830644429588,7.223648916804458,250.37679968772756,202.51029439252335
poetry,ElizabethBrowning_AuroraLeigh.txt,1000,10,0.84,3,8.006550389567991,3.2410106642554117,3.2386956945304743,9.625167223775092,40.07344
poetry,ElizabethBrowning_AuroraLeigh.txt,1000,50,0.78,3,8.006550389567991,5.303045849151533,5.224346187760206,42.62675279146349,71.17623809523809
poetry,ElizabethBrowning_AuroraLeigh.txt,1000,100,0.72,3,8.006550389567991,6.074019226420713,5.99086005671784,77.58695903375286,121.05882352941177
poetry,ElizabethBrowning_AuroraLeigh.txt,1000,200,0.66,3,8.006550389567991,6.745136320828021,6.686215622647476,138.28910417608512,204.03457333333333
poetry,ElizabethBrowning_AuroraLeigh.txt,1000,500,0.6,3,8.006550389567991,7.520276230710234,7.517415748870206,289.5753488327355,337.140859394864
poetry,ElizabethBrowning_AuroraLeigh.txt,1000,10,0.84,4,8.015509441925694,3.262388326974426,3.2627424919597265,9.704141138369407,50.10718699186993
poetry,ElizabethBrowning_AuroraLeigh.txt,1000,50,0.78,4,8.015509441925694,5.35335338006542,5.288044522252961,43.504847276643076,84.4192
poetry,ElizabethBrowning_AuroraLeigh.txt,1000,100,0.72,4,8.015509441925694,6.137100107879405,6.067787799538735,78.91725303718637,135.8460648148148
poetry,ElizabethBrowning_AuroraLeigh.txt,1000,200,0.66,4,8.015509441925694,6.822713619283254,6.767333717506211,138.7438012372741,206.39225087108017
poetry,ElizabethBrowning_AuroraLeigh.txt,1000,500,0.6,4,8.015509441925694,7.569741626104802,7.5415211872740695,280.19272691513413,339.9055714285714
poetry,ElizabethBrowning_AuroraLeigh.txt,1000,10,0.84,5,7.7359972999471704,3.2396246564356805,3.21668587615995,9.60360546471034,34.057419354838714
poetry,ElizabethBrowning_AuroraLeigh.txt,1000,50,0.78,5,7.7359972999471704,5.27426181039479,5.177662288062743,41.91002911685139,49.14355284552846
poetry,ElizabethBrowning_AuroraLeigh.txt,1000,100,0.72,5,7.7359972999471704,6.011720311694134,5.890537367455031,74.87971510240698,77.07000000000001
poetry,ElizabethBrowning_AuroraLeigh.txt,1000,200,0.66,5,7.7359972999471704,6.643264800150326,6.52129830933732,129.5224934015986,136.66574712643677
poetry,ElizabethBrowning_AuroraLeigh.txt,1000,500,0.6,5,7.7359972999471704,7.335169346352931,7.186003781251412,256.2766361660266,210.21999999999997
poetry,ElizabethBrowning_AuroraLeigh.txt,1000,10,0.84,6,8.057046436329477,3.2533481680401253,3.250553391301853,9.666748657200868,46.58044444444444
poetry,ElizabethBrowning_AuroraLeigh.txt,1000,50,0.78,6,8.057046436329477,5.339342285550432,5.276292581478319,43.25105665300157,79.73153846153846
poetry,ElizabethBrowning_AuroraLeigh.txt,1000,100,0.72,6,8.057046436329477,6.111262339546769,6.052902441119166,79.12754481924303,144.68470899470898
poetry,ElizabethBrowning_AuroraLeigh.txt,1000,200,0.66,6,8.057046436329477,6.815129504606943,6.758133267476059,141.0447701263489,233.14869230769236
poetry,ElizabethBrowning_AuroraLeigh.txt,1000,500,0.6,6,8.057046436329477,7.590318623962379,7.594319633348745,289.2615585855128,344.5232067510549
poetry,ElizabethBrowning_AuroraLeigh.txt,1000,10,0.84,7,8.027523720888928,3.2495898317638483,3.2394228400885527,9.67903156749601,42.524255319148935
poetry,ElizabethBrowning_AuroraLeigh.txt,1000,50,0.78,7,8.027523720888928,5.335756819179571,5.295167216951883,43.25386870614868,75.7502962962963
poetry,ElizabethBrowning_AuroraLeigh.txt,1000,100,0.72,7,8.027523720888928,6.127547819284472,6.05440930038524,78.65132096524975,119.23905056759546
poetry,ElizabethBrowning_AuroraLeigh.txt,1000,200,0.66,7,8.027523720888928,6.804372056492818,6.747521200053543,139.02819718477582,205.25486206896554
poetry,ElizabethBrowning_AuroraLeigh.txt,1000,500,0.6,7,8.027523720888928,7.564924383441184,7.5103950251017775,284.4817208934889,342.94877894819905
poetry,ElizabethBrowning_AuroraLeigh.txt,1000,10,0.84,8,8.133594572281448,3.2636714538649283,3.2441407903914996,9.696580300523115,47.13999999999999
poetry,ElizabethBrowning_AuroraLeigh.txt,1000,50,0.78,8,8.133594572281448,5.354072987677962,5.289505409438122,43.59931951896783,74.51701149425287
poetry,ElizabethBrowning_AuroraLeigh.txt,1000,100,0.72,8,8.133594572281448,6.148800475230109,6.080188007576835,79.66958584158606,129.62678611111113
poetry,ElizabethBrowning_AuroraLeigh.txt,1000,200,0.66,8,8.133594572281448,6.848029674434127,6.751016404328106,141.84695326516328,214.8985166666667
poetry,ElizabethBrowning_AuroraLeigh.txt,1000,500,0.6,8,8.133594572281448,7.632878803468457,7.542252547683007,296.40229941736106,361.5345920745921
poetry,ElizabethBrowning_AuroraLeigh.txt,1000,10,0.84,9,7.991578561184144,3.249186199069605,3.2282922888752474,9.648983966354136,41.16326530612245
poetry,ElizabethBrowning_AuroraLeigh.txt,1000,50,0.78,9,7.991578561184144,5.31794587662987,5.234175061112668,42.83545212777567,67.56788888888889
poetry,ElizabethBrowning_AuroraLeigh.txt,1000,100,0.72,9,7.991578561184144,6.090405066601076,5.99691972695405,77.77642408226399,112.93963285024154
poetry,ElizabethBrowning_AuroraLeigh.txt,1000,200,0.66,9,7.991578561184144,6.763581870979515,6.709022321923102,137.77900479691084,175.3406666666667
poetry,ElizabethBrowning_AuroraLeigh.txt,1000,500,0.6,9,7.991578561184144,7.526212658685841,7.579555811844489,284.70006066264244,298.23214285714283
